Question,Answer
بچه ها کسی جوابی برای این سوال داره؟,بررسی میکنم
بررسی میکنم,منم بررسی کردم فکر می کنم اگه شرطش رو به این صورت بنویسه مشکل حل میشه
ولی این روشی که الان شما گفتی هم درسته و توی به درستی کار می کنه,اگه امنیتشون یکیه که از همون استفاده کنم ؟
اگه امنیتشون یکیه که از همون استفاده کنم ؟,اره مشکلی نداره
نه به نظر منم خوب نیست حالا یه چیزی، ولی نه واقعا,ایده منه
سلام ماهان، خوش اومدی,ممنون اقا سجاد
ممنون اقا سجاد,شنیدم شما اپ زدی درسته؟ با چه زبانی؟ جاوا یا ری اکت یا ؟
آها، بسیار عالی,تشکر
آها، بسیار عالی,شما چطور؟با چه زبانی کار میکنید؟
شما چطور؟با چه زبانی کار میکنید؟,بنده کار هستم
سینگل تون میدونی چیه؟,منظورتون یه کلاس یکتا هست که اون است و فقط در آن واحد یه نمونه داره؟
بنده کار هستم,بسیار عالی
منظورتون یه کلاس یکتا هست که اون است و فقط در آن واحد یه نمونه داره؟,بله دقیقا
بله دقیقا,من خیلی از دیزاین پترن ها نمیدونم ایا این دیزاین پترن است؟
من خیلی از دیزاین پترن ها نمیدونم ایا این دیزاین پترن است؟,بله یک دیزاین پترن هست
با این شرایط نرم ارز، واقعا کار کردن دیگه فایده نداره، کسی از دوستان تا به حال دلاری کار کرده؟,نرم ارز؟
من شخصا پروژه ای ولی خب هرچی هم که باشه تومان داریم پول میگیریم,خب بیمه و ؟ صرف میکنه اطمینانی به داشتن درآمد ثابت دارید ؟
آها الان در موردش سرچ کردم و ظاهرا زبان سبُک و جدیدیه نه راستش من کار نکردم باهاش شاید دیگر دوستان باهاش کار کرده باشن,ممنون
رو لینوکس نصب میشه یعنی؟,بله
رو لینوکس نصب میشه یعنی؟,لازم داشتید بگید سورس ضد دیلیت و اوپن نیست
این پلاگین شما دقیقا چی کار می کنه اگه رو سرور نصبش کنم؟,میخواید تبچی نصب کنید روش ؟؟
تبچی دقیقا چیه؟,الان توضیح میدم خدمتتون
متشکرم,خب متوجه شدید
با نوشتی؟,پایتون لوا
دوستان كسيربا ديتا بيس هاي نو اس كيو ال كار كرده؟,چه دیتابیسی دقیقا؟
چطور ميتونم به دينابيس رديس بگم كه اطلاعات روي رم سرور نگهداري كنه؟,ببین به صورت پیش فرض روی رم نگهدار می کنه
ببین به صورت پیش فرض روی رم نگهدار می کنه,از كجا بفهمم؟
راستی ببین رشتت گرافیکه شما؟,بله رشته ام گرافیک هستش
راستی ببین رشتت گرافیکه شما؟,بله داداش رشته ام گرافیک هستش
بله رشته ام گرافیک هستش,چه نوع گرافیکی؟ هم دیزاین می کنی؟
چه نوع گرافیکی؟ هم دیزاین می کنی؟,نه دیزاین نمی کنم داداش
نه دیزاین نمی کنم داداش,یعنی تو کار بنر کارت ویزیت پوستر و هستی؟
یعنی تو کار بنر کارت ویزیت پوستر و هستی؟,بله تو کار بنر پوستر کارت ویزیت طراحی لوگو و
بله تو کار بنر پوستر کارت ویزیت طراحی لوگو و,آها خیلی هم عالی
آها خیلی هم عالی,من امسال سال آخری هستم و امسال دیپلمم را می گیرم
ببین به صورت پیش فرض روی رم نگهدار می کنه,ببخشيد ديتابيس ها نو اسكيوال محدوديت حجمي دارن؟
دادا من دنبال کار هستم تو مشهد کار سراغ نداری دادا,والا توی مشهد که نه، ولی شاید بتونی توی پونیشا پروژه برداری یا اینکه به سوالات توی لام تا کام در حوزه گرافیک جواب بدی و پول در بیاری
ببخشيد ديتابيس ها نو اسكيوال محدوديت حجمي دارن؟,همه ی نو اسکیوال ها نه، ولی ردیس مگ هست به صورت پیش فرض محدودیتش
والا توی مشهد که نه، ولی شاید بتونی توی پونیشا پروژه برداری یا اینکه به سوالات توی لام تا کام در حوزه گرافیک جواب بدی و پول در بیاری,دادا تو سایت پونیشا رفتم ولی کسی نیومد
دادا تو سایت پونیشا رفتم ولی کسی نیومد,باید قیمت کم پیشنهاد بدی
باید قیمت کم پیشنهاد بدی,قیمت کم پیشنها دادم ولی بازم نیومد
قیمت کم پیشنها دادم ولی بازم نیومد,چی بگم
منظورش چیه رو به روت تبدیل کنم ؟,درست نمی دونم، ولی فکر کنم می خواد وقتی پروژه رو داره ران می کنه فولدر توی نباشه
درست نمی دونم، ولی فکر کنم می خواد وقتی پروژه رو داره ران می کنه فولدر توی نباشه,به طور عادی نیست که
الان شما پروژه لاراول داری روی سیستمت؟,بله
بله,پروژه رو اجرا کن و رو به من نشون بده
براش کامنت بزار,این دفعه درست کامنت گذاشتم ؟
این دفعه درست کامنت گذاشتم ؟,نه جواب گذاشتی ولی اوکیه
نه جواب گذاشتی ولی اوکیه,بالاخره یاد میگیرم
طراح سایت خواستین پیوی,ورد پرس هم كار ميكنيد شما؟
بله اگه لازم شد با يا وصل ميشيم و كمك ميكنيم، ولي فعلا كد رو ببينيم شايد مشكل ساده بود و حل شد,اکی
تا ستون دارم ولی باز چیزی ثبت نشد تو دیتا بیس,خب شما تو كوئري زدي كه ٧ تا ستون داره ولي توب ابن رت ٥ تا مقدار گذاشتي
تست کردم نشد,سوالت رو توی لام تا کام بپرس کد کاملت رو هم بزار اونجا میایم جواب دقیق رو برات با کد می نویسیم
سوالت رو توی لام تا کام بپرس کد کاملت رو هم بزار اونجا میایم جواب دقیق رو برات با کد می نویسیم,اکی یکی برام قرار شده توضیح بده اگ نشد حتما
اضافه هاش رو پاک کردم,به این شکل بزاری درست نمیشه؟
به این شکل بزاری درست نمیشه؟,سلام اکی شد بالاخره
سلام اکی شد بالاخره,سلام از چی بود؟
دوستان کسی داریم اینجا با افزونه ویژوال کامپوزر کار کرده باشه؟,بله بفرمائید
بله بفرمائید,چجوری میشه اندازه ستون ها و ردیف ها رو مدیریت کرد؟
به یک برنامه نویس و نیازمندیم,یعنی هم لاراول بدونه هم انگولار؟ یا از هر کدوم یکی؟
حل شده مشکل ولی توی لام تا کام نمیتونم به عنوان حل شده بزنم,بررسی میکنم
بررسی میکنم,شما مدیری؟
سلام دوستان استفاده از بوت استرپ چقدر تو زمان و کیفیت کد نویسی تاثیر داره؟,اگه فقط می خوای باهاش گرید بندی رو انجام بدی، این کار رو نکن، بی خودی سنگینه
دوستان كسي ميدونه چرا روي سرور كار نمي كنه ولي رو لوكال كامل درست كار ميكنه؟,احتمالا نصب نیست رو سرور
دوستان كسي ميدونه چرا روي سرور كار نمي كنه ولي رو لوكال كامل درست كار ميكنه؟,دسترسی اون فایلی که داری توش رو اجرا می می کنی چنده؟ ؟
احتمالا نصب نیست رو سرور,كلا يه چيزيه از خودش نصب ميشه
دسترسی اون فایلی که داری توش رو اجرا می می کنی چنده؟ ؟,نميدونم من دست نزدم
نميدونم من دست نزدم,نسخه روش تاثیری نداره ؟
نسخه روش تاثیری نداره ؟,اخه ورژن لوكال و سرور يكسان هستن، ٧ ١ هستن
كلا يه چيزيه از خودش نصب ميشه,نه خودش به صورت پیش فرض نصب نیست یه افزونه هست که جدا باید نصب کنی
چه گروه خوبی ممنون,متشکرم، خوش آمدید
اره ببین منم فکر نمی کنم مرورگر بدون اجازه بتونه از سخت افزار مثل دوربین استفاده بکنه,شدني نيست
سلام,سلام خوش اومدین
سلام,سلام خوش اومدید
دوستان اینجا من چند سوال دارم میخوام ویندوز هشتو دانلود کنم اولا اون کدی که گفته اولین بار نصب کنید نیازتون میشه از کجا بیاریمش و بعدش قسمت کدومو انتخاب کنیم؟,خب ببین کدوم ورژن از ویندوز رو می خوای؟
دوستان اینجا من چند سوال دارم میخوام ویندوز هشتو دانلود کنم اولا اون کدی که گفته اولین بار نصب کنید نیازتون میشه از کجا بیاریمش و بعدش قسمت کدومو انتخاب کنیم؟,چند بیت می خوای نصب کنی
پس به نظر کم اینو نصب کن,درباره اون کدی که گفته چی؟
درباره اون کدی که گفته چی؟,کد؟ کدومش؟
دوستان اینجا من چند سوال دارم میخوام ویندوز هشتو دانلود کنم اولا اون کدی که گفته اولین بار نصب کنید نیازتون میشه از کجا بیاریمش و بعدش قسمت کدومو انتخاب کنیم؟,تو این عکس که توضیح داده
تو این عکس که توضیح داده,برای فعال سازیش منظورته؟
چجوری تصویر رو تبدیل به کد کنم دوست عزیز؟,باید و بلد باشبد دیگه
اونو بعدا یدونه فعال ساز میگریم و هندل می کنیم,از کجا میگیریم
از کجا میگیریم,سایت مثلا
سلام,سلام وقت بخیر
افزونه فرم تماس,این فقط برای وردپرس هست
الان لینک میدم,خب اینم لینک تست شده ی ویندوز
خب فقط توی اون ویندوز پروداکت کی مشکلی پیش نیاد که؟,نه اون کرک شدس من دوستم هم نصب کرده و اوکی بوده همه چیش
دوستان پروکسی جدید ندارید برای تلگرام؟؟؟,منم همینطور
سلام دوستان از دستور در سی شارپ برای چه زمانی یا به صورتی استفاده میشه ممنون میشم یکی جواب بده,وقتی می خوایند شرطی رو برقرار کنید
وقتی می خوایند شرطی رو برقرار کنید,میشه یک مثال بگید یه مثال کوتاه
مرسی,خواهش میکنم
خوش اومدید,ممنون
ممنون,چجوری میشه استریم کرد
یک سوال,بله
یک سوال,بپرس
چجوری میشه استریم کرد,باید از استفاده کنی یکی از راهاشه این یا یه سیستم پیاده کنی
خوش اومدید,مرسی
کاتلین,شما کاتلین کار کردی؟ من تویه یه استارت آپی زیاد در موردش شنیدم و ظاهرا خوبه
جاوا به نظرم بهتره,اشتباه نکنید جاوا دیگه منسوخ شده توی اندروید
اشتباه نکنید جاوا دیگه منسوخ شده توی اندروید,درسته ولی بنظرتون پایه جاوا قوی باشه بعد کاتلین بهتر نیس؟
اشتباه نکنید جاوا دیگه منسوخ شده توی اندروید,دارم جاوا میخونم از اول تا بتونم قواعد جاوا رو بفهمم بعد برم سراغ کاتلین
کاتلین فقط برای اندروید یکار نمیره، میتونه برای سایر پلتفرم ها هم کد بزنی,درسته ولی بیشتر روی اندروید که اومد معروف شد
مرسی از راهنمایی,خواهش میکنم
جاوا اسکریپت دقیقا آینده برنامه نویسیه,حتی از پایتون هم اینده دار تره ؟
جاوا اسکریپت دقیقا آینده برنامه نویسیه,خیلی وسعت نداره درکنار قوی هست ولی به تنهایی ن
حتی از پایتون هم اینده دار تره ؟,پایتون که خدای هک و اکسپلویت نویسی
الان ۹۰درصد هک دنیا با زبان پایتون پایتون مخصوص هک و امنیت,هم هک و امنیت و از اون مهم تر کارای تحلیلی
مدرس واقعی پایتون ساعتی۳۰۰ تدریس میکنه مدرس واقعیش خیلی کمه توی ایران,جادی عالیه در هر زمینه
جادی عالیه در هر زمینه,مخصوصا لینوکس
هم هک و امنیت و از اون مهم تر کارای تحلیلی,کارهای تحلیلی زبان خوبی نیست ضعف زیاد داره ولی توی هک و امنیت حرف اول میزنه
مخصوصا لینوکس,بله ی کتاب جدید داره مینویسه در مورد لینوکس
ما یه ماشین تحلیل گر ساختیم با پایتون ایام انتخابات، خیلی خوب واکشی تحلیل می کرد,این به الگوریتم ربط داره نه با زبان، نه؟
بله ی کتاب جدید داره مینویسه در مورد لینوکس,دستش درد نکنه واقعا
کارهای تحلیلی زبان خوبی نیست ضعف زیاد داره ولی توی هک و امنیت حرف اول میزنه,چی بگم اخه من با پایتون برای کارای تحلیلی کد زدم و کتابخونه های مرتبط زیادی داره
چی بگم اخه من با پایتون برای کارای تحلیلی کد زدم و کتابخونه های مرتبط زیادی داره,پایتون سری۲ کتابخونه هاش عالیه ولی سری ۳ هنوز کامل نیست
این به الگوریتم ربط داره نه با زبان، نه؟,به الگوریتم هم ربط داره ببین الگوریتم کلا پایه و اساس هر کدی هست شما یه الگوریتم مینویسی میکشی روی کاغذ یا حتی توی ذهنت ، بعد مشینی اونو به کد تبدیل می کنی
پایتون سری۲ کتابخونه هاش عالیه ولی سری ۳ هنوز کامل نیست,اره پایتون هنوز بتا هست از نظ من
اره پایتون هنوز بتا هست از نظ من,ولی دستوراتش بهتر از ۲ پایتون نویی های واقعی همه از سری ۲ استفاده میکنن
پایتون سری۲ کتابخونه هاش عالیه ولی سری ۳ هنوز کامل نیست,شاید اون کتابخونه ها هنوز اپدیت نشدن به پایتون ۳ اینجور نشون میده
شاید اون کتابخونه ها هنوز اپدیت نشدن به پایتون ۳ اینجور نشون میده,ن هنوز همه کتابخونه هاش برای ورژن۳ نیومده
ن هنوز همه کتابخونه هاش برای ورژن۳ نیومده,کم کم اون توسعه دهندها هم اپدیت میکنن
کم کم اون توسعه دهندها هم اپدیت میکنن,اره صددرصد
سلام خوش اومدید,سلام ، ممنون
سلام دوستان، طراح وب داریم اینجا؟,جانم؟
جانم؟,اشکال نداره بیام پی وی؟ چند تا سوال دارم
اشکال نداره بیام پی وی؟ چند تا سوال دارم,بله بفرمایید
سلام خوش اومدین,مر
مر,شما رشتتون چیه
شما رشتتون چیه,علوم کامپیوتر
ورودی امسال هستم البته,انشالله موفق باشید
انشالله موفق باشید,سلامت باشی عزیز همچنین
چگونه میشه یک سایت باز کرد,یه سایت باز کرد؟ جان؟ ؟ با استفاده از مرورگر؟
کاتلین هم در حال حاضر داره بخوبی پیشرفت میکنه و گوگل ازش حمایت میکنه,کاتلین یه فریم ورک مبتنی بر جاواس؟
از اول برم,از اول تا اخر فقط برو سراغ ری اکت
نظرتون در مورد پایتون چیه ؟,برای چه کاری؟
جاوا سخت نیست؟,نه
اموزش فارسی کم باشه,دنبال اموزش فارسی نباش اگه میخوای خیلی پیشرفت کنی زبان فارسی محدودیت داره
دنبال اموزش فارسی نباش اگه میخوای خیلی پیشرفت کنی زبان فارسی محدودیت داره,بله ولی انگلیسیم زیاد قوی نیست
بله ولی انگلیسیم زیاد قوی نیست,قراره فقط متوجه بشی چی میگه
بله ولی انگلیسیم زیاد قوی نیست,از اول شروع کنید به مرور بهتر میشه
شما بلدید؟,کم و بیش
ممنونتم ماهان جان جواب کامل و خوبی بود,فدات عزیز
کسی سایت سراغ نداره انلاین ازش کتاب خرید؟؟؟کتاب تخصصی,چاپی یا
فروشگاه کامل تری سراغ داشتی بگو این هیجی نداشت,نشریات فارسی همینن
کسی سایت سراغ نداره انلاین ازش کتاب خرید؟؟؟کتاب تخصصی,چجور كتابي؟
چجور كتابي؟,برنامه نویسی
۹۰درصد ممکنه اغراق باشه ولی برای مثال دستور و ساختارش توی همه ی زبان ها یکیه منتهی کمی تغییرات کوچیک یا دستورات ارایه و شرط و مفهومی بلد باشی کارت خیلی راحته فقط تفاوت زبان ها داخل نوع نوشتن,همین طوره
شما یک زبان رو به عنوان پایه قرار بدی و کامل یادش بگیری بعد بری سراغ زبان های دیگ خیلی زودتر و بهتر میشرفت میکنی,درسته
درسته,دوست عزیز عذرخواهی میکنم دخالت میکنم ولی میشه این ربات هارو از گروه حذف کنی
دوست عزیز عذرخواهی میکنم دخالت میکنم ولی میشه این ربات هارو از گروه حذف کنی,دیگه امکان ارسال تبلیغ ندارن
دیگه امکان ارسال تبلیغ ندارن,ربات بود
میدونی، من گاها شب ها ساعت از خواب بیدار میشدم و کد میزدم علاقه یعنی این واقعا,دمت گرم خدایی منم علاقه دارم ولی حال ندارم بیکارمیشم بازی میکنم
اره خب من مدت هاست که بیش از ساعت روزانه کد می زنم شغلمه خب,ناموسا عکستو میزارم صفحه لپ تاپم الگوت قرار میدم
اره خب من مدت هاست که بیش از ساعت روزانه کد می زنم شغلمه خب,منم شغلمه ولی سریع خسته میشم
شما زن داری؟,گفتم بی حوصلم نگفتم که اسکلم ن بابا
توهین نباشه منظورم تو این زمونس با این خرج ومخارج,اره والا با این قیمت ارز
حله ۱۵ساعت کد میزنم,ببینم چی کار می کنی
ببینم چی کار می کنی,ازشوخی گذشته حالا میخوام برم سایبری باید چندتا جیز رو یاد بگیرم حتما
هر سایت ممکنه یه اموزشش عالی دراد,اموزش های کلیک سایت برای اندروید باز نسبتا قشنگ تر بود که اونم یه رفیقی داد بهم
تو ایران خدای برنامه نویسی باشی ماهی تومن نهایت درآمدته,این کاملا اشتباه
روز برنامه نویس هم به دوستان تبریک میگم,ععع روز برنامه نویسه؟
من پسر خالم جاوا نویس حرفه ای توی شرکت دولتی کار میکنه پروژه ای کم کم۱۵ میگیره ۹ماه دنبال یه جاوا نویس حرفه ای بودن پیدا نکردن,من شروع کردم فقط جاوا برای اندروید میخونم
من پسر خالم جاوا نویس حرفه ای توی شرکت دولتی کار میکنه پروژه ای کم کم۱۵ میگیره ۹ماه دنبال یه جاوا نویس حرفه ای بودن پیدا نکردن,دقیقا مشکل ماهم همینه
من شروع کردم فقط جاوا برای اندروید میخونم,جاوا سمت سرور و اطلاعاتش خیلی الان کار داره بیشتر شرکت های دولتی سمت این زبان رفتن
دقیقا مشکل ماهم همینه,کحا؟؟؟
شما صحبت های دیروز توی گروه نخوندی بحثش بود گفتیم اول علاقه مشخص بشه بعد سمت اون یه زبان به صورت حرفه ای یاد بگیریم بعو بریم سراغ زبان های دیگ,دقیقا اشتباهاتی که من کردم
دقیقا اشتباهاتی که من کردم,از هر شاخه یه نوکی زدی؟؟؟؟
به نظرم تو یه چیزی میخوایی خیلی حرفه ای بشی نباید بری سراغ چیزای دیگه,ربطی نداره من الان یه فردی رو میشناسم ۴۰سال برنامه نویسی میکنه به ۳۰زبان برنامه نویسی هم مسلط یعنی توی گروه سوال نیست ازش بپرسن و جواب نده خیلی هم موفق بستگی به هدف و علاقه داره
اتفاقا بحثش بود گفت خیلی خوبه گفت ممکنه این ماه پروژه اندروید بم بخوره ماهی دیگ پروژه سایت ماهی دیگ تست نفوذ بم بخوره,تو یک زبان بهترین باشی بهتره تا تا زبان بلد باشی البته بعضی زبان ها هم مجبوری یاد بگیری
تو یک زبان بهترین باشی بهتره تا تا زبان بلد باشی البته بعضی زبان ها هم مجبوری یاد بگیری,بستگی به کارت داره وقتی یه زبان حرفه ای بلد باشی یادگیری زبان های دیگ خیلی اسون تر میشه برات
من خودم اول سی شارپ و یاد گرفتم بعد رفتم بعد مجبور شدم و یاد بگیرم,زبان از خیلی بهتره
من خودم اول سی شارپ و یاد گرفتم بعد رفتم بعد مجبور شدم و یاد بگیرم,مثل اینه اول مکانیکی یاد گرفتی بعد رفتی صافکاری یاد گرفتی بعد رفتی رانندگی یادگرفتی
اره اچار فرانسس ولی جاوا پیشرفته تر و بروز تره از سی شارپ,سی شارپ هر چقدر یاد بگیری احساس میکنی هیچی بلد نیستی
سی شارپ هر چقدر یاد بگیری احساس میکنی هیچی بلد نیستی,ن دیگ اینجوریا هم نیست
ن دیگ اینجوریا هم نیست,بلدی سی شارپ؟
بلدی سی شارپ؟,بودم خیلی وقته کار نکردم یادم رفته دیگ
یه سرچ بزن,سرچ زدیم دیگ
این نمودار تا هست,چون امار رسمی دیگ منتشر نکردن فعلا بقیش امار واقعی صددرصد نیست توجه کنی امار سایت ها باهم فرق داره
این رنکینگ سایت هست اگه اشتباه نکنم الان چک کردم سایت های معتبر مثل گیتاب و استک اورفلو هنوز چیزی اعلام نکردن برای رنکینگ,آمار فریم ورک ها رو میتونی بفرستی
آمار فریم ورک ها رو میتونی بفرستی,بزار سرچی کنم پیدا کردم چشم
بزار سرچی کنم پیدا کردم چشم,لاراول خیلی داشت جلو میرفت آخرین باری که دیدم
لاراول خیلی داشت جلو میرفت آخرین باری که دیدم,اره منم یه رنکینگ دیدم خدایی لاراول پیشرفت خوبی دلشت
اما لاراول و ویو جی اس عالی پیشرفت کردن,اینده دارن
جالب اینجاس سایت گیتاب امتیازی بهش نداده,کلا اخلاقشه امتیاز نمیده
اما لاراول و ویو جی اس عالی پیشرفت کردن,درسته من اينو جاهاي ديگه اي هم شنيدم كه پيشرفتشون عالي بوده
درسته من اينو جاهاي ديگه اي هم شنيدم كه پيشرفتشون عالي بوده,بله پیشرفتشون قابل تحسینه
تو دیگ از دست رفتی,اما میخوام یه زبان سمت سرور یاد بگیرم فعلا نظرم رو هست
اما میخوام یه زبان سمت سرور یاد بگیرم فعلا نظرم رو هست,اول اگه کار میخوای
اول اگه کار میخوای,من میخوام از فرار کنم
من میخوام از فرار کنم,برو جاوا پس
الان هر کسی که می خواد زبان انتخاب کنه، بنده شخصا، قویا توضیه می کنم که بره سراغ جاوااسکریپت,این دروغ میگه میخواد توی گروهش بمونید
این دروغ میگه میخواد توی گروهش بمونید,گروه ما که جاوااسکریپت
الان هر کسی که می خواد زبان انتخاب کنه، بنده شخصا، قویا توضیه می کنم که بره سراغ جاوااسکریپت,منم اسکریپت رو خیلی دوس دارم ولی متسفانه کارایی زیادی نداره خدایی
گروه ما که جاوااسکریپت,از شوخی گفتم
چی هست و چکار میکنه؟,برای ارتباط فلش پلیر هست
تو یک اموزش دیدم برای ارسال اطلاعات و ثبت اطلاعات در دیتابیس این فایل رو در لوکال هاست قرار میده,اموزش چی
تو یک اموزش دیدم برای ارسال اطلاعات و ثبت اطلاعات در دیتابیس این فایل رو در لوکال هاست قرار میده,لازمه قرار بدم؟
لازمه قرار بدم؟,من نمی دونم رویه اون اموزش به چه صورت هستش ولی تو این لینکی که دادم اطلاعات کاملی از این فایل هستش
عزیز حقوق ناشر رو باید حفظ کرد,درسته
کلا جاوا رو له کرد سی شارپ برد بالا,كلا اينطور نگرش ها رو من قبول ندارم، هر زباني در جايگاه خودش كاربراي خودشو داره جاوا يه سري لايه هاي امنيتي داره كه تمام بانك ها سامانه هاشون رو با همين زبان پياده ميكنن خيلي مسخرس اگه با سي شارپ مقايسه بشه
كلا اينطور نگرش ها رو من قبول ندارم، هر زباني در جايگاه خودش كاربراي خودشو داره جاوا يه سري لايه هاي امنيتي داره كه تمام بانك ها سامانه هاشون رو با همين زبان پياده ميكنن خيلي مسخرس اگه با سي شارپ مقايسه بشه,دقیقا ولی از صحبت های اخرش خوشم اومد چندسال دیگ سقوط میکنن الان اگه امنیت نبود پایتون هیچ حرفی واسه گفتن نداشت
چندسال دیگ یکه تازی میکنه,دوستمون هم فرمودن هر زبان جایگاه خودش رو داره چون اکثرا طراح وب هستن دوستان این نظرات رو میدن یادمون باشه زبان ها کاربرد های دیگه هم دارن به غیر از طراحی وب
سلام چرا پیشخوانم اینطوری شده؟؟,اگر از جوملا استفاده میکنید مشکل از افزونه ای که نصب کردی اگر وردپرس کدهای این با کدهای افزونه ای همخوانی نداره باعث تداخل میشه
اگر از جوملا استفاده میکنید مشکل از افزونه ای که نصب کردی اگر وردپرس کدهای این با کدهای افزونه ای همخوانی نداره باعث تداخل میشه,نه وردپرسه، ولی لوکاله
هیچی فقط مقاله نوشتم,افزونه گوتنبرگ رو غیرفعال کنید و یکبار هم سوپر رفرش کنید ببینید درست میشه
افزونه گوتنبرگ رو غیرفعال کنید و یکبار هم سوپر رفرش کنید ببینید درست میشه,چشم ممنون
اگر از جوملا استفاده میکنید مشکل از افزونه ای که نصب کردی اگر وردپرس کدهای این با کدهای افزونه ای همخوانی نداره باعث تداخل میشه,از شما هم ممنون
طراحی سخته باید به دست طراح بسپارید من چندتا نمونه تصویر داشتم از اقای حصارکی مشابهش رو ندیدم,و سعی کنید اگر میخواید کارتون خوب دربیاد از یک رنگ واحد استفاده کنید در کل طراحی
ممنون که ساخت ویروس رو به بچه ها آموزش میدی,شوخی یا جدی؟؟؟ میخواید تا نفرستم
شوخی یا جدی؟؟؟ میخواید تا نفرستم,این که برنامه نویسای گروه این ترفند ها رو بلد باشن بد نیست، ولی خب جوریم نباشه که بیان درب گروهو به جرم حمله به امنیت ملی تخته کنن
این که برنامه نویسای گروه این ترفند ها رو بلد باشن بد نیست، ولی خب جوریم نباشه که بیان درب گروهو به جرم حمله به امنیت ملی تخته کنن,ن بابا قصد دارم هفته ای یه برنامه کاربردی معرفی کنم ترفند برنامه نویسی هم بگم
آموزش جاوا اسکریپت دارین؟,دوره آموزشی جاوا اسکریپت سون لرن رو تهیه کنید خوبه
سلام کازمند خانم میخوام حقوق لطفا پی وی,سلام، لطفا شرح شغل کامل فردی که می خواید استخدام بکنید رو هم ضمیمه پیامتون کنید
ابدارچی نمیخواید رایگان؟؟؟,بزرگواريد شما
بزرگواريد شما,عزیزدلی
این کد مشکل داره؟,کدوم خطش چه اروری میده؟
اقای شفی زاده میشه پین کنین؟؟,چی رو؟
اروری نمیده,گلم مسخره کردی؟
گلم مسخره کردی؟,مسخره چرا
کجا می نویسه؟ تو دیتابیس؟,نه کلا میکنم
ببین الان اون مقداری رو که به عنوان پسوورد توی دیتابیس ذخیره کردی چطوری ساخته شده؟,تا ستون ایجاد کردم که به این شکله
یاد گرفتید بعدش برید سراغ منابع حرفه ای تر,میتونید چند مثال برام بگید؟
میتونید چند مثال برام بگید؟,مثال چی بگم؟؟؟
سلام، اگه بخوایم ایتم ورود عضویت رو به هدر اضافه کنیم، چه کدی باید بنویسم؟,در مورد وردپرس داري صحبت ميكني؟
در مورد وردپرس داري صحبت ميكني؟,بله
مرتبط با سوالتون بنویسید بعدش اگه پایین صفحه اون تگ اومد انتخابش کنید,درسته
ممنون,اگه پیدا نشد و دیدی مهمه تو لام تاکام بپرس
اگه پیدا نشد و دیدی مهمه تو لام تاکام بپرس,برای خودم نمی خواستم
برای خودم نمی خواستم,اها خب پس به کسی که میخواد حداقل بگید تو لام تا کام سوال کنه
اها خب پس به کسی که میخواد حداقل بگید تو لام تا کام سوال کنه,چشم
کسی عملگر سه تایی شنیده یا استفاده کرده ازش؟؟؟,کسی نمیدونست؟؟؟
کسی نمیدونست؟؟؟,اره یه مدل هست
دوستان سایتی سراغ ندارید مثال برنامه نویسی گذاشته باشه؟؟؟؟تمرین یا مثال,چه زبانی؟
منظورم اینه برای سایت درصد کدهای بک اند خیلی کمتر از فرانت,اگه از فریم ورکهای کامپوننت بیس جاوااسکریپت مثل استفاده کنی، میبینی که کدهای فرانت خیلی کمتر میشن
سلام کسی تو زنجان کلاس آموزش برنامه نویسی سراغ داره؟ از قیمت و اینا هم اطلاع داشته باشه؟,سلام پی وی
این کلید میانبر هست,رو تست کن
سلام,سلام روز بخیر
بنر ها معمولا هستن,منظورم زیر منو به عنوان هدر است
و البته ارتفاع ندید بهش یا اینکه بدید,البته خودشون هم میتونن بسازن همینو با و
این بنر هست,دوستان یه همچین بنری رو شما برام بسازید و به صورت کد ریسپانسیو بهم بدید چه قدر هزینه داره؟
دوستان یه همچین بنری رو شما برام بسازید و به صورت کد ریسپانسیو بهم بدید چه قدر هزینه داره؟,پی وی
پی وی,ریپورتم
من دیشب اموزش فرستادم گروه کی پاکش کرد؟؟؟؟؟,میشه فرواردش کنی
دانشجو ترم یک مهندسی کامپیوتر,خوشبتخم انشالله موفق باشد
خوشبتخم انشالله موفق باشد,مرسی
دانشجو ترم یک مهندسی کامپیوتر,با مفاهیم برنامه نویسی آشنایی دارید؟
با مفاهیم برنامه نویسی آشنایی دارید؟,نه متاسفانه
نه متاسفانه,ولی علاقه که دارین؟
با مفاهیم برنامه نویسی آشنایی دارید؟,من یکم بلدم
ولی علاقه که دارین؟,اره
من یکم بلدم,چه زبان هایی کار کردین
اره,علاقه باشه پیشرفت میکنی قطعا
با مفاهیم برنامه نویسی آشنایی دارید؟,میگم شما دکترای چی دارین
علاقه باشه پیشرفت میکنی قطعا,حتما
میگم شما دکترای چی دارین,دانشجوی ترم آخر روانشناسی هستم
دانشجوی ترم آخر روانشناسی هستم,خودتون به مفاهیم برنامه نویسی اشنایین
دانشجوی ترم آخر روانشناسی هستم,جالبه رواشناسي و برنامه نویسی خیلی از هم دورند ،
خودتون به مفاهیم برنامه نویسی اشنایین,تا حدی
جالبه رواشناسي و برنامه نویسی خیلی از هم دورند ،,بله، من بنا به علایق شخصیم توی کلاس طراحی وب شرکت کردم
بله، من بنا به علایق شخصیم توی کلاس طراحی وب شرکت کردم,میگم هزینه دوره هاش چقدر میشه
بله، من بنا به علایق شخصیم توی کلاس طراحی وب شرکت کردم,بسیار عالی موفق باشید
بله، من بنا به علایق شخصیم توی کلاس طراحی وب شرکت کردم,عالی
میگم هزینه دوره هاش چقدر میشه,تقریبا تمن من دوره اولیه رو شرکت کردم
کار تباهيه دیگه، ساعت ها بشيني با مشقت کد بنيوسي برای چندرغاز درآمد,برنامه نویسیه کار تباهیه؟
برنامه نویسیه کار تباهیه؟,توی ایران، باتوجه به نسبت زحمت به دارمدش، بله واقعا تباهه
توی ایران، باتوجه به نسبت زحمت به دارمدش، بله واقعا تباهه,چی بگم ولی بعضی از برنامه نویسا درآمد خوبی دارن و همینطور از علاقه ای که به این کار دارن اصن خسته نمیشن
چی بگم ولی بعضی از برنامه نویسا درآمد خوبی دارن و همینطور از علاقه ای که به این کار دارن اصن خسته نمیشن,بعد شما یه اپی رو هم دوولوپ میکنید و همه قرار باشه کپی کنند و کسی پول نده که نمیشه کار ، ما هنوز فکر میکنیم برای چیزی که فیزیکی نیست مثل نرم افزار نباید پول بدیم
چی بگم ولی بعضی از برنامه نویسا درآمد خوبی دارن و همینطور از علاقه ای که به این کار دارن اصن خسته نمیشن,اونا یا با پارتی جای خوبی رفتن یا کپی میکنند یا دیگه واقعا تکند و کارشون خیلی درسته، کسی که خسته نشه یعنی داره کپی میکنه، چون کار فکری، انرژي میگیره
اونا یا با پارتی جای خوبی رفتن یا کپی میکنند یا دیگه واقعا تکند و کارشون خیلی درسته، کسی که خسته نشه یعنی داره کپی میکنه، چون کار فکری، انرژي میگیره,پس یکی از این سه حالت شامل حال شماست، خوشا به سعادتتون
من دقیقا به عنوان شغلم انتخاب کردم، هم از برنامه نویسی لذت می برم، هم درآمد دارم، هم توی تهران با این هزینه های وحشتناک دارم زندگی می کنم,فقط با طراحی سایت یا اندروید چیزی هم درکنارش هست ؟؟؟
فقط با طراحی سایت یا اندروید چیزی هم درکنارش هست ؟؟؟,نه چیزی کنارش نیست
کسی که اينکارو به عنوان شغلش انتخاب میکنه و میخواد خرج زندگيشو در بیاره ، بجایی مثل تهران با اين هزینه های وحشتناک، چقدر میتونه موفق باشه,با این کارش هم به دیگران کمک میکنه، هم خوش بیشتر یاد میگیره و همچنین آدما و شرکت های زیادی با ایشون آشنا میشن خلاصه یه طور تبلیغات مثبه
سلام,میشه علت رو بگید
میشه علت رو بگید,علت چی رو؟
علت چی رو؟,کی پیام های منو پاک میکنه
کی پیام های منو پاک میکنه,حقیقتا من پیام شما رو پاک نکردم، ولی فکر می کنم به خاطر کپی رایت هستش اگه محتوایی که رایگان نیست رو به رایگان منتشر می کنید، دوستان حذف می کنن
توی سایت یا اینجا ؟,توی سایت ترجیحا
من پاک نمی کنم اجازه بده از ادمین ها سوال بپرسم ببینم قصه چیه خیلی اذیت نکن خودت رو اشتباه پیش میاد,ن اذیت نکردم ولی جالب بود برام ببینم کی پاک میکنه
توی سایت ترجیحا,توی متن جواب لینک دانلود هم میشه گذاشت؟
توی متن جواب لینک دانلود هم میشه گذاشت؟,بله
الان پاسخی مینویسم براشون امیدوارم کمک کنه,متشکرم
متشکرم,متاسفانه نمیشه ناشناس پاسخ داد ، باید حتما عضو بود پوزش میخوام
متاسفانه نمیشه ناشناس پاسخ داد ، باید حتما عضو بود پوزش میخوام,آها بله حتما باید عضو بود میتونید پاسختون رو بفرستید من منتشر کنم
متاسفانه نمیشه ناشناس پاسخ داد ، باید حتما عضو بود پوزش میخوام,یا اینکه آدرس ایمیلت شماره موبایلت رو بدی من ثبت نامت کنم
آها بله حتما باید عضو بود میتونید پاسختون رو بفرستید من منتشر کنم,چشم براتون پی ام میکنم، زحمت انتشارش با شما
یا اینکه آدرس ایمیلت شماره موبایلت رو بدی من ثبت نامت کنم,نه مرسی خانم حامدی نسب روش خوبی گفتند
نه مرسی خانم حامدی نسب روش خوبی گفتند,اوکی
آها بله حتما باید عضو بود میتونید پاسختون رو بفرستید من منتشر کنم,پاسخ ارسال شد،
پاسخ ارسال شد،,با تشکر اجازه بدید چک کنم
بله,توی کدوم حوزه؟
ولي الان خونه نيستم نميتونم پاسخگو باشم,باشه بعدا دوباره پیام میدم هر موقع تونستید جواب بدین ممنون میشم
توی کدوم حوزه؟,هم در حوزه سرور و هم در حوزه ديتابيس
روی چه ديستروي لينوکسي ميخوايين نصب کنيد؟ اوبونتو؟,اره
قبل از نصب اندرويد استديو باید مطمئن باشید و نصب باشه,اینا نصبه چیزی که نوشته
اینا نصبه چیزی که نوشته,شما نصب کردید در حالی که اندروید استودیو نیاز داره، ها درسته تفاوت تکنیکی ندارند و فقط اوپن سورس هستند، اما اندرويد استديو فقط با و ارايکل کار میکنه
شما نصب کردید در حالی که اندروید استودیو نیاز داره، ها درسته تفاوت تکنیکی ندارند و فقط اوپن سورس هستند، اما اندرويد استديو فقط با و ارايکل کار میکنه,چکار باید کنم اینا رو ریموو کنم؟
پس ایراد از همینه دیگه؟,بله اگر ایراد دیگه ای هم نباشه
خود سایت اوراکل هم نمیذاره,نمیدونم چی میگه
اینو پاک کردم ولی مثل اینکه برای نصب باید ای پی داشته باشی,ایپی هر جایی بغیر از ایران و یکی دو کشور دیگه که مشمول تحریم های صادرات محصولات امريکايين
خود سایت اوراکل هم نمیذاره,همون میگه ممنوعیت صادرات به ایران و از این مسخره بازيا
تور به تنهایی ترافیک رو رد نمی کنه,این اوبنتو سخته حقیقت اولین بارمه
هرچند تور کنده اساسا، وی پی ان بهتره,نتونستم پیدا کنم
باید قبلش هم همه صفحه های فایرفاکس بسته باشه,نمیشه نصب کرد؟
نمیشه نصب کرد؟,اگر وی پی ان داشته باشی از جایی خریده باشی سرويسشو، اپليکيشن مجانی وی پی ان نمیدونم باشه یا نه واسه لینوکس
تور به تنهایی ترافیک رو رد نمی کنه,درسته
خلاصه هر طوری که شده بایستی و ارايکل رو نصب کنی تا اندرورید استديو کار کنه,جاوا اوراکل کردم همچنان پیدا نمیکنه
خوش آمدید,مچکرم
سلام ببخشید کسی پایتون بلده ؟,سلام، از کتابخونه ی خاصی از پایتون داری استفاده می کنی برای کارای تحلیلی یا برای وب می خوای و فریم ورک ؟
سلام، از کتابخونه ی خاصی از پایتون داری استفاده می کنی برای کارای تحلیلی یا برای وب می خوای و فریم ورک ؟,از هیچ کتابخونه ای ،راهنمایی میخواستم برا اینکه چجور یادگیریشو شروع کنم ؟برای داده کاوی میخوام ازش استفاده کنم بعد
از هیچ کتابخونه ای ،راهنمایی میخواستم برا اینکه چجور یادگیریشو شروع کنم ؟برای داده کاوی میخوام ازش استفاده کنم بعد,خب خلاصه اگه بخوام بگم، برای تحلیل داده و دیتاماینینگ، زبان های و الان رایج هستن زبان هم یک سری کتابخونه داره واسه تحلیل دیتا ولی برای شروع باید بگم که یه سری ویدیو دانلود کن ببین، بعد برو سراغ داکیومنتیشن و شروع کن به خوندن کتابخونه ها
خب خلاصه اگه بخوام بگم، برای تحلیل داده و دیتاماینینگ، زبان های و الان رایج هستن زبان هم یک سری کتابخونه داره واسه تحلیل دیتا ولی برای شروع باید بگم که یه سری ویدیو دانلود کن ببین، بعد برو سراغ داکیومنتیشن و شروع کن به خوندن کتابخونه ها,اموزش چه سایتایی بهتره؟ چه کتابخونه هایی رو باید بخونم؟
اموزش چه سایتایی بهتره؟ چه کتابخونه هایی رو باید بخونم؟,کتابخونه ها که کاملا وابسته هست به پروژه ولی سایتایی که باید بخونی رو من اگه زبانت خوبه خود داکیومنتیشن رو پیشنهاد می کنم
فقط اینو هم بگم که چون کتابخونه های پایتون زیادن، معمولا متناسب با پروژه ای که می خوای روش کار کنی انتخاب میشن، پس یه پروژه ی کوچیک انتخاب کن، و متناسب با اون یه کتابخونه رو انتخاب کن و روش کار کن,پس ظاهرا استاد باید بگه
سلام خوش امدین,سلام علیکم ممنون
کسی هست اینجا موبایل فروشی داشته باشه؟؟؟,مگه شهرتون نداره موبایل فروشی
قیمت اضطراری میخواستم,الان نگیری بهتره لامصبا خیلی گرونه
نخند یه سوال بود,سوالتون یه جوری بود که ادم شک میکنه گروه رو درست عضو شدید
الان نگیری بهتره لامصبا خیلی گرونه,برای فروش
برای فروش,اها
این مثالش توی یه لیست ویو استفاده کرده,این مثل اینکه خودش ایراد داشته ببخشید اشتباه فرستادم
سلام ،ا ربات اد کردید؟,خير چطور؟
خير چطور؟,آخه پایین صفحه ام یه پیام اومده ، مثل زمانی که ربات اد میشه تو گروه ها
آخه پایین صفحه ام یه پیام اومده ، مثل زمانی که ربات اد میشه تو گروه ها,اسپم بوده که حذف شد
حالا درست شد ، ممنون,خواهش میکنم
اینا رو پخش میکنن که سیاسی تو فضای مجازی رو کمتر کنن شما ها دیگه چرا فوروارد میکنین,چون در همین مورد ۲ بند به جرایم سایبری اضافه شده توی سایت برو بخون روی اون حساب فوروارد کردم
چون در همین مورد ۲ بند به جرایم سایبری اضافه شده توی سایت برو بخون روی اون حساب فوروارد کردم,ول کن همه کشکه جدی نگیر
ول کن همه کشکه جدی نگیر,الله اعلم
این که جواب داده شده,بله الان دیدم، مرسی
چرا شبیه ساز نصب نمی کنی؟,گفتم اول ببینم کسی داره که راحت تر باشه
منظورت از دیتابیس سرور است؟,اره
من خودم بجز و بقیه بلدم البته مسلط نیستم خواستی باهم چندتا پروژه میزنیم,سلام موافقم
بچه ها تیم شید روی لام تا کام کار کنید,روی سایت یا چی؟
اگه پروژه ای چیزی سراغ دارید یا تمرینی چیزی هست بگید باهم کارکنیم,من خودم چندتایی پروژه دانشجویی ساختم خواستی یه سایت توپی میزنیم
خب روی چیش کار کنیم؟,توسعش بدید کپین جدید بزنید براش
اون موقع یه سری ایده میگیری که چطوری باید توسعه بدید,یکی دوتا سایت بزنیم اول بعد میایم سراغش
اون موقع یه سری ایده میگیری که چطوری باید توسعه بدید,باشه حالا دوستانی که حرفه ای ترن شروع کنن ماهم را بیافتیم
یکی دوتا سایت بزنیم اول بعد میایم سراغش,اوکی
خ ممنون,پست غیر مربوط به موضوع گروه ارسال نکنید
پست غیر مربوط به موضوع گروه ارسال نکنید,اکی
سلام دوستان اینجا کسی میدونه که چطوری میشه اطلاعات داخل دیتابیس در هاست پلسک رو مدریت کرد,سلام، مدیریت به چه معنی؟
سلام، مدیریت به چه معنی؟,بتونم داده های پایگاه داد ببینم و ویرایش کنم
بتونم داده های پایگاه داد ببینم و ویرایش کنم,بله، من با پنل پلسک کار نکردم، ولی به احتمال قوی رو نصب داره
فرقی نمی کنه کجا هستی، اون یه کامنده که اگه با یوزر روت اجراش کنی، به دیتابیس مای اسکیوال وصل میشه,میشه بیشتر توضیح بدی
میشه بیشتر توضیح بدی,تا به الان با دستورات کار کردی در محیط ؟
تا به الان با دستورات کار کردی در محیط ؟,نه کار نکردم چی هست این محیط و رفرنس های اموزشی نداری
نه کار نکردم چی هست این محیط و رفرنس های اموزشی نداری,اووم خب سایتای زیادی هستن که آموزش دادن این مبحث رو که توی گوگل میشه پیداشون کرد
کسی برنامه نویسی اندروید کار میکنه یک سوال بپرسم,اره بفرمایید اگه بلد باشیم میگیم
کسی برنامه نویسی اندروید کار میکنه یک سوال بپرسم,بله بفرمایید
ولی ی نمونه بهتر میخوام,برای از تابع توی اکتیوتی دوم میشه استفاده کرد
من برم نهار، میام,سلام دوست عزیز امکانش هست کمکم کنی
سلام دوست عزیز امکانش هست کمکم کنی,بله، من درخدمتم، ولی سوال دقیق چی بود؟
نه ببین کاری با پنلی که داری استفاده می کنی ندارم، کلا روی سرور شما گفتی که دسترسی داری، درسته؟,این پرسیدید ک گفتم اگ منظورتون دستدسی به داده ها و فابلهای درون هاست است،بله درسترسی دارم
این پرسیدید ک گفتم اگ منظورتون دستدسی به داده ها و فابلهای درون هاست است،بله درسترسی دارم,دیگه نیازی نیست مشکل بر طرف شد وقتی میخوایم اطلاعات دیتابیس هاست را ویرایش کنیم میتونیم از استفاده کنیم به این صورت ک در پنجره ورودی تکست باکس را با ای پی هاست و و را همان یوزر و پسی ک در هنگام ساخت دیتابیس در هاست مشخص کردیم قرار میدهیم و اوکی میکنیم تا به تمام اطلاعات داخل پایگاه داده خیلی ساده و سریع و در ویندوز دسترسی داشته باشیم
بازم ممنون بابت راهنمایی هاتون,خواهش ميكنم، كاري نكردم كه، خودتون مشكل رو حل كرديد
بستگی داره می خوای چیزی یاد بگیری، یا می خوای تا مقاطع بالا مثلا دکتری ادامه تحصیل بدی,می خوام ادامه بدم
من از ریاضی و فیزیک,ب غیر از کاردانی تو اموزشش ک ی وقت فرقی نداره ؟
گلم ما اینجا خودمون استخدام می کنیم,برای چ کاری؟
گلم ما اینجا خودمون استخدام می کنیم,ن کلی گفتم برای اشتغال زایی چون گروهه معروفین حتما درامدشم خوبه
سلام كسي ميدونه كجا ميشه كارآموزي رفت براي برنامه نويسي و طراحي سايت و اينا ؟,سلام برای کارآموزی میتونی با سایت های مختلف تو اون زمینه به صورت دورکاری کار کنی و یاد بگیری
اول تست بده ببین به چی علاقه داری و,میشه در مورد این تست توضیح بدی تاحالا نشنیدم چیه
به سوال ها باید جواب بدی و تیپ شخصیتیتو میگه بعد میگه چه شغل هایی مناسبته,بیخود بود سوالای مزخرفی میپرسه ب درد سنم نمی خورد
بیخود بود سوالای مزخرفی میپرسه ب درد سنم نمی خورد,تست مسخره نیست
تست مسخره نیست,هست
شما کاراییش رو متوجه شدین و فقط مثال میخواید یا کاراییش رو؟,کارایییش رو کاملا میدونم دو ساله برنامه نویسی نکردم و همه ی نمونه هامو گم کردم میخوام سرعتم ببشتر بشه
ريپورتم ك,آنلاین بشن تو همین گروه جواب میدن
سلام جاوا كار كسي هس,سلام بله
کارایییش رو کاملا میدونم دو ساله برنامه نویسی نکردم و همه ی نمونه هامو گم کردم میخوام سرعتم ببشتر بشه,اگه بخوای میتونم یکی دوتا نمونه ای که زدم رو اسکرین بگیرم بفرستم برات
اگه بخوای میتونم یکی دوتا نمونه ای که زدم رو اسکرین بگیرم بفرستم برات,ممنون میشم اگه بفرستید تشکر
سلام بله,ببين من يه اينترفيس ايجاد كردم ميخام ورودي متدش باشه
اگه بخوای میتونم یکی دوتا نمونه ای که زدم رو اسکرین بگیرم بفرستم برات,چكار بايد بكنم چي بايد بنويسم
چكار بايد بكنم چي بايد بنويسم,اینو تست کن جواب نداد ارورش رو بگو
یه ضد لینک بزارین بد نیست,واقعا
مطميني؟ اين مشكل رو حل كرده بوديم جه زماني تست كردي؟,بله هم امروز به این شکل بود هم دیروز
بله هم امروز به این شکل بود هم دیروز,ممنونم بابت فيدبك، چشم بررسي ميكنيم
ممنونم بابت فيدبك، چشم بررسي ميكنيم,ممنون
میگه نرم افزار رو نصب کن رو سیستمت,ممنون
ممنون,خواهش میکنم
تو سایت پاسخ داده شد,متشکرم
سلام,سلام خوش اومدید
سلام,سلام خوش آمدید
سلام خوش اومدید,مرسی
سلام خوش آمدید,مچکر
میشه منم فعالیت کنم؟,بله گروه هست، همه میتوانند در راستای موضوع گروه فعالیت کنند
بله گروه هست، همه میتوانند در راستای موضوع گروه فعالیت کنند,اول آشنا شیم پلیز
اول آشنا شیم پلیز,شما در چه زمینه ای تحصیل میکنید ؟
شما در چه زمینه ای تحصیل میکنید ؟,برنامه نویسی و سخت افزار
برنامه نویسی و سخت افزار,بسیار عالی با چه زبان هایی کار میکنید ؟
بسیار عالی با چه زبان هایی کار میکنید ؟,انگلیسی
انگلیسی,بسیار عالی ولی منظورم زبان برنامه نویسی بود
بسیار عالی ولی منظورم زبان برنامه نویسی بود,اره همون
اینجا قدر منو نمیدونید خدافز,چیزی نشده ک
چیزی نشده ک,مسخرم کردن
مسخرم کردن,کی؟
کی؟,شما
شما,من پیام تمسخر امیزی در این گروه نفرستادم نه الان نه هیچ وقت دیگر
اوکی انجام میدم البته اگه تونستم من یکم اعتمادبه نفسم پایینه,حداقل دوتا سوال کنید از جزئیات پروژه بعد پیشنهاد بدین
حداقل دوتا سوال کنید از جزئیات پروژه بعد پیشنهاد بدین,اره
دوستانی که تازه اومدن معرفی کنن در چه زمینه هایی فعالیت دارن,من فول استکم
من فول استکم,بسیار عالی چه زبان هایی کار میکنید ؟
چند سالتونه؟,۱۶
سلام,س
کامل,بسیار عالی همیشه موفق باشید
بسیار عالی همیشه موفق باشید,مرسی ایشالله موفق تر شه نت گارد
سلام,سلام خوش اومدید
بسیار عالی همیشه موفق باشید,ب حمیدرضا سلام مخصوص برسون
سلام خوش اومدید,مرسی
مرسی,سلام کردم
سلام کردم,ببخشید ندیدم
ببخشید ندیدم,تکرار نشه
حداقل دوتا سوال کنید از جزئیات پروژه بعد پیشنهاد بدین,من منتظر بودم شما بیاین یکم از جزییاتش بگین
فارسی هم خب خیلی منابع مختلفی هستش، ولی معمولا منابع انگلیسی هم ساده توضیح دادن هم خیلی دقیق تر و کامل تر هستن,وقت نمیشه ضبط کنیم
ممنون,خواهش میکنم
سلام,سلام، خوش آمدید
سلام، خوش آمدید,ممنون
سلام ،پیام شخصی که برای کسی میفرستی تو لام تا کام ، نمیشه ویرایشش کرد؟ یا حتی حذفش کرد؟,سلام، خير، مثل اس ام اس ميمونه
سلام، خير، مثل اس ام اس ميمونه,ممنون
انعطاف پدیری خوبی داره,اره کلا معماری کارش درسته
خوش آمدید دوستان,سلام
سلام,سلام خوش آمدید
دوستان کسی با ها کار کرده؟,بله
یعنی هر دقیقه بار اون تسک ران میشه,آها اره مثل اینکه درستی مممنووونن
همه ریپورت کنیدش,کی بود برنامه رو فرستاد تو گروه
ببخشید منم میخواهم ادمین بشم چطور ممکنه ؟,بله دوست عزیز، فعالیت داشته باشید داخل گروه، ان شا الله با افزایش اعضا، گروه به ادمین های بیشتر نیاز دارد
بله دوست عزیز، فعالیت داشته باشید داخل گروه، ان شا الله با افزایش اعضا، گروه به ادمین های بیشتر نیاز دارد,ممنون بلی فعالیت رو که زیاد میکنم
سلام افزونه ای هست که اطلاعات شخصی کاربران رو برای همه بازدید کنندگان سایت نشون بده ؟,خیر البته اگر کاربران ثبت نام کرده باشن باید با مشخصات کاربر رو نشون بدی
ادمین قصد افزودن ربات ندارید,چرا، در روز های آینده ان شا الله ربات اضافه میکنیم
چرا، در روز های آینده ان شا الله ربات اضافه میکنیم,اکانت جدیده؟
سلام خوش اومدید,سالاری
یه بزن بزن دیگه فک نکنم از این ساده تر باشه و راهی بتونی پیدا کنی,روش های گوناگون رو میخواد بهش پی ببره
سلام,سلام، خوش آمدید دوست عزیز
کسی لبتاب دست دوم کم قیمت داخل قائمشهر سراغ داره,توی سایت دیوار فکر می کنم می تونی موارد خوبی پیدا کنی
توی سایت دیوار فکر می کنم می تونی موارد خوبی پیدا کنی,باشه
باشه,حواست باشه مهلت تست بگیری
لبتاب دست دوم بهتره بخریم یا کامپیوتر ؟,اگه جابجا کردنش ویژگی مهمی برات نیست، قویا توصیه می کنم که کامپیوتر بخری سخت افزار کامپیوتر خیلی قوی تره
اگه جابجا کردنش ویژگی مهمی برات نیست، قویا توصیه می کنم که کامپیوتر بخری سخت افزار کامپیوتر خیلی قوی تره,من الان کامپیوتر دارم به نظرتون اگه با لبتاب دست دوم عوضش کنم بهتره یا همون از کامپیوترم استفاده کنم ؟
حواست باشه مهلت تست بگیری,باشه ولی دوتا اگهی بیشتر نیست بزارپیداشه بعد فکری به حال تست کردن میگیریم
من الان کامپیوتر دارم به نظرتون اگه با لبتاب دست دوم عوضش کنم بهتره یا همون از کامپیوترم استفاده کنم ؟,من کامپیوتر دارم راضیم ولی لبتاب میشه همراه برد راحت میشه داخل کلاس برنامه نویسی برد
باشه ولی دوتا اگهی بیشتر نیست بزارپیداشه بعد فکری به حال تست کردن میگیریم,گفتم حواست باشه من خیلی ها رو میشناسم اینطوری خرید کردن و ضرر کردن
گفتم حواست باشه من خیلی ها رو میشناسم اینطوری خرید کردن و ضرر کردن,باشه ممنون ازراهنماییت
من کامپیوتر دارم راضیم ولی لبتاب میشه همراه برد راحت میشه داخل کلاس برنامه نویسی برد,مگه کلاس برنامه نویسی توی اتاق کامپیوتر انجام نمیشه؟
من کامپیوتر دارم راضیم ولی لبتاب میشه همراه برد راحت میشه داخل کلاس برنامه نویسی برد,منم به خاطر قابلیت جا به جایی لبتاب قصد دارم کامپیوترم با لبتاب عوض کنم اما می ترسم بهم بندازن
من الان کامپیوتر دارم به نظرتون اگه با لبتاب دست دوم عوضش کنم بهتره یا همون از کامپیوترم استفاده کنم ؟,به هیچ عنوان این کار رو نکن
منم به خاطر قابلیت جا به جایی لبتاب قصد دارم کامپیوترم با لبتاب عوض کنم اما می ترسم بهم بندازن,نو بخر من پولشو داشتم نو میخریدم
به هیچ عنوان این کار رو نکن,چرا؟
نو بخر من پولشو داشتم نو میخریدم,هر دو تاش که به دردم نمی خوره من یکیشو لازم دارم
نو میلیون,کمترم هست
کمترم هست,کمتر بدرد نمیخوره
هر دو تاش که به دردم نمی خوره من یکیشو لازم دارم,کامپیوترو بفروش یکم بزارنویخر
چرا؟,خب به خیلی پارامترا بستگی داره بستگی داره چه سخت افزاری داری میدی و در ازاش چی میگیری ، ولی لوازم برقی کلا دست دوشون خیلی مورد اطمینان نیست و این رو مطمینم که سخت افزار کامپیوتر فعلی تو قوی تر از اون لپتاپی هست که قراره بهت بدن
خب به خیلی پارامترا بستگی داره بستگی داره چه سخت افزاری داری میدی و در ازاش چی میگیری ، ولی لوازم برقی کلا دست دوشون خیلی مورد اطمینان نیست و این رو مطمینم که سخت افزار کامپیوتر فعلی تو قوی تر از اون لپتاپی هست که قراره بهت بدن,من رم کامپیوترم دوهه
خب به خیلی پارامترا بستگی داره بستگی داره چه سخت افزاری داری میدی و در ازاش چی میگیری ، ولی لوازم برقی کلا دست دوشون خیلی مورد اطمینان نیست و این رو مطمینم که سخت افزار کامپیوتر فعلی تو قوی تر از اون لپتاپی هست که قراره بهت بدن,من اطلاعات کامپیوترم رو تو یه گروهی فرستادم گفتن نهایتا یا می خرن یه لب تاب دست دومم تو یه مغازه دیده بودم میداد قصد داشتم این دو تا رو با هم تعویض کنم ولی شک دارم
مگه کلاس برنامه نویسی توی اتاق کامپیوتر انجام نمیشه؟,نه کلاس برنامه نویسی میرم از طراحی سایت تا سی پلاس پلاس و اندرویدو جاوا و سی شارپ و جاوا اسکریپت و پی اچ پی یاد میدن اگه دوست داشتیم میتونیم زبان های دیگه هم یادبگیریم کامپیوتر داره ولبتاب بگیرم میتونم کدذخیره کنم خونه برم تمرین کنم
من رم کامپیوترم دوهه,رم منم گیگه
نه کلاس برنامه نویسی میرم از طراحی سایت تا سی پلاس پلاس و اندرویدو جاوا و سی شارپ و جاوا اسکریپت و پی اچ پی یاد میدن اگه دوست داشتیم میتونیم زبان های دیگه هم یادبگیریم کامپیوتر داره ولبتاب بگیرم میتونم کدذخیره کنم خونه برم تمرین کنم,کار یه فلشه
من اطلاعات کامپیوترم رو تو یه گروهی فرستادم گفتن نهایتا یا می خرن یه لب تاب دست دومم تو یه مغازه دیده بودم میداد قصد داشتم این دو تا رو با هم تعویض کنم ولی شک دارم,کامپیوتر رم دو گرافیک دو سی پی یو سه چقدرمیخرن
کار یه فلشه,ولی لبتاب راحت تره
رم منم گیگه,رم کامپیوترت گیگه بعد بهت گفتن الی می خرن؟ قیمت وسوسه انگیزیه شاید وقتی این اتفاقه بیوفته که دلار به تمن برسه
رم کامپیوترت گیگه بعد بهت گفتن الی می خرن؟ قیمت وسوسه انگیزیه شاید وقتی این اتفاقه بیوفته که دلار به تمن برسه,خب گفتن مگه قیمت کامپیوتر فقط از روی رم مشخص میشه ؟
خب گفتن مگه قیمت کامپیوتر فقط از روی رم مشخص میشه ؟,ازوری چیه
ازوری چیه,گرافیک و
گرافیک و,گرافیکم دوهست
گرافیکم دوهست,از روی ظاهر که قیمت تعیین نمیشه از خود اطلاعات سخت افزاری کامپیوتر من عکس فرستادم
سلام، چرا سایت خارجی ؟,ایران کسی نتونست سفارشم رو انجام بده
ایران کسی نتونست سفارشم رو انجام بده,توی جمله سفارشت رو بگو ببینم
قبلا شنیدم این خاصیت رو باید با انجام بدی و سایتی که میخوای باید بتونه بهت بده تا بتونی با اون وارد بشی,میتونم اطلاعات جیسون بخونم ولی اینکه یه صفحه باز بشه بره تو سایت لوگین کنی باز برگرده به اپلیکشن بلد نیستم
میتونم اطلاعات جیسون بخونم ولی اینکه یه صفحه باز بشه بره تو سایت لوگین کنی باز برگرده به اپلیکشن بلد نیستم,جیسون یه چیزه اما با کار اشنایی داری؟
بعید میدونم مثل گوگل باشه راحت تره انگار,یادم بنداز میبینم
بعید میدونم مثل گوگل باشه راحت تره انگار,اما فک نکنم ساده باشه
کافیه به همون تگ فقط بدید و در اون صورت مارجین باید کار کنه,آها، خب درسته، ببین لطفا جوابت رو توی وب سایت منتشر کن
آها، خب درسته، ببین لطفا جوابت رو توی وب سایت منتشر کن,شما مگه نگفتید قراره یک بات به گروه اضافه بشه و خود به خود جواب های ما رو از توی گروه ببره توی وب سایت بزاره ؟؟؟
شما مگه نگفتید قراره یک بات به گروه اضافه بشه و خود به خود جواب های ما رو از توی گروه ببره توی وب سایت بزاره ؟؟؟,بله، بات ساخته شده، داریم تست های نهایی رو روش میگیریم و ان شالله به زودی ازش رونمایی میکنیم
بله، بات ساخته شده، داریم تست های نهایی رو روش میگیریم و ان شالله به زودی ازش رونمایی میکنیم,ممنون
چجوری تایپ می کنی ابی میشه؟,اطراف چیزی که می خوای آبی بشه باید کاراکتر رو بزاری
اطراف چیزی که می خوای آبی بشه باید کاراکتر رو بزاری,اها
شما برنامه نویس هستی؟,بله
سلام دوستان روي تم دارم كار ميكنم و ستينگش رو پيدا نميكنم كه تغييرات روي لي اوت صفحه بدم,وردپرس؟
نکن، شایعه چرا درست میکنی,راس میگه بلبل گرام خوبتره
راس میگه بلبل گرام خوبتره,عحب
لطفا اینقدر گیف ارسال نکنید,چشم
چشم,خیلی ممنون
سلام,سلام
اونجا نوشته برند ها کسی اینجوری برند داره,عکس برند ها منظورته؟
عکس برند ها منظورته؟,اره
دارید عکس برند هارا,همین برند ها یا برندای دیگه
همین برند ها یا برندای دیگه,هربرندی
هربرندی,خیلی راحت میتونی از گوگل پیدا کنی همه برند ها رو
خیلی راحت میتونی از گوگل پیدا کنی همه برند ها رو,چی سرچ کنم
چی سرچ کنم,اسم برند رو
ممنون ازراهنماییت پیدا کردم,خواهش میکنم
بیو رو چک کنید,خب چک کردم
مثلا مشابه دیجی کالا با لاراول از میلیون شروع میشه تا بالا,البته الان دیگه سورس مشابه دیجی کالا رو همخ دارن
نه یه فرم هست میتونن افراد مبتدی از روش الهام بگیرن تو طراحیهاشون با,آهان
کم تر کسی میتونه تو همچین تکست باکسی درست کنه,بلی صحیح
تهیه شده توسط خودم,هست یا
هست یا,هست
هست,بود عالی میشد
رو خم یاد میگرم,اره یادبگیری و پیدا کنی خیلی عالی میشه
بود عالی میشد,اره انشاءالله
یعنی گرافیک آندروید چیست,اره معمولا با میسازن قالب برنامه رو
یعنی گرافیک آندروید چیست,ولی میشه با کد جاوا هم ساخت که به دردسرش نمیارزه
اینم یه نمونه از کارم که تکمیل نکردم,بخش کدنویسی نمیزنی؟
بخش کدنویسی نمیزنی؟,میزنم ولش میکنم
تهیه شده توسط خودم,چطوری با اچ تی ام ال سی اس اس درست کردی من که با اچ تی ام ال سی اس اس نمیتونم اینودرست کنم
دوستان کسی با متد کار کرده,بله، به كررات
بله، به كررات,داش خوبی قبلاً استفاده کردم ازش ولی الان هرکاری میکنم جواب نمی ده نمی دونم مشکل از کجاست
كدت رو بفرست,بیام پیوی
داش گیرم ناموسا حالا یه نگاهی کن الان,میگم ببخشید شاخ مجازی چیزی هستی
میگم ببخشید شاخ مجازی چیزی هستی,نه این شماره مجازیه یکی قبلا روش بود من اودم من نیستم
داش گیرم ناموسا حالا یه نگاهی کن الان,ارروت چیه؟
ارروت چیه؟,یه فایل دارم میخوام چک کنه توش هست یا نه خودم ارایه بنویسم همه چی درست ولی فایل رو ارور میده
یه فایل دارم میخوام چک کنه توش هست یا نه خودم ارایه بنویسم همه چی درست ولی فایل رو ارور میده,فایل؟
برم سمت دیتا بیس,ایده ی خوبیه
ایده ی خوبیه,دادا دمت گرم جواب دادی
دادا دمت گرم جواب دادی,خواهش می کنم
کسی اینجا اوبونتو داره,مشکلت چیه
مشکلت چیه,موقع نصب گرابم نصب نمیشه
موقع پارتیشن بندی فقط سواپ و روت دادم,آیا پارتیشن بوت ساختید یا نه؟ اگر ساختید اون را روی چی سوار می کنید در ؟ اگر نساختید چون هست یه پارتیشن بوت نیازه
آیا پارتیشن بوت ساختید یا نه؟ اگر ساختید اون را روی چی سوار می کنید در ؟ اگر نساختید چون هست یه پارتیشن بوت نیازه,ام غیر فعاله
ام غیر فعاله,یه راه دیگه
بصورت لایو آورد بالا,خب ترمینالو باز کن
اقای خاص، اینجا رو چیکار کنم,دستورات بالا رو اجرا کن
حالا چیکار کنم,ری استارت کن و کاری که میخواستی انجام بدی رو ادامه بده
اره گفتم شمام درامد داشته باشین,کریپتو تب کار میکنی؟
کریپتو تب کار میکنی؟,اره
اره,چند تا رفرال داری؟
تا سطح اول سطح دوم سطح سوم,کریپتو تب تا وقتی هزار یا دو هزار زیر مجموعه داشته نباشی نمیصرفه
ری استارت کن و کاری که میخواستی انجام بدی رو ادامه بده,دمت گرم
اره ولی هنوزم داره اوج میگیره هر روز بیشتر از دیروز,میگم بیت کوین لینک دانلود شو میفرستی
میخوام لبتاب بخرم دست دوم سه میلیون قیمتشه کامپیوترقابل حمل نیست دویست تومنم بیشتر پول ندارم,دوست عزیز من یه کانال دارم لب تاب های دست دوم داره با قیمت خیلی کم الان براتون میفرستم
دوست عزیز من یه کانال دارم لب تاب های دست دوم داره با قیمت خیلی کم الان براتون میفرستم,ممنون فقط واسه کدوم شهره
دوست عزیز من یه کانال دارم لب تاب های دست دوم داره با قیمت خیلی کم الان براتون میفرستم,پیوی بفرستید لطفا
پیوی بفرستید لطفا,باشه
کسی برنامه نویسی کرده تاحالا؟,پ ن پ گروه برنامه نویسه ها
مگ خیلی کمه,مگه میخای فیلم اپ کنی
بله باید رو تغییر بدی,ممنون
شرکت بهتر اینا هم هست با ایرانی جماعت مشکل داره باید بگید یه اشناهاتون بخره براتون رم رو میده فکنم یورو,چند هسته ؟
چند هسته ؟,یه لحظه صبر کنید
چند هسته ؟,این هس فکنم یورو بود
این هس فکنم یورو بود,اوه، این که گیگ رم داره که
اوه، این که گیگ رم داره که,میگم که شما اگه بگردی گیرت میاد شرکت های نوپا ارزون میدن تو خود اروپاشم
میگم که شما اگه بگردی گیرت میاد شرکت های نوپا ارزون میدن تو خود اروپاشم,اره خب ببین مسئله ایرانی بودن ما هستش و اینکه شرکتی پیدا کنیم که با ما اوکی باشه یه مقدار سخته
اره خب ببین مسئله ایرانی بودن ما هستش و اینکه شرکتی پیدا کنیم که با ما اوکی باشه یه مقدار سخته,من الان که کار نمیکنم ولی با یه نفر ایرانی مقیم فرانسه رفیق شدم برام خرید میکرد البته باید دقت کرد اطلاعات سروراتون رو میتونه داشته باشه
دمت گرم,خواهش
هم میشه,اموزش نصب رو این هاستا رو داری؟
اموزش نصب رو این هاستا رو داری؟,هاستینجا پشتیبانی می کنه و آموزش هم داره تو سایتش
هاستینجا پشتیبانی می کنه و آموزش هم داره تو سایتش,میشه ادرسشو بدی؟
میشه ادرسشو بدی؟,سرچ کنی میاد هاستینجا
سرچ کنی میاد هاستینجا,اوکی مرسی اسمش یه جوری بود گفتم شاید اشتباه باشه
اوکی مرسی اسمش یه جوری بود گفتم شاید اشتباه باشه,نه همینه
نه همینه,دمت گرم
دمت گرم,قربانت
این چه مفهومی داره و چرا ازش استفاده میکنیم؟,یعنی از کیبود کاربر ورودی میگیری
این چه مفهومی داره و چرا ازش استفاده میکنیم؟,اگه بنویسی ور اجرا کنی کاربر متن وارد میکنه و تا زمانی که روی اینتر کلیک نکرده میتونه متن وارد کنه
اقا سجاد در نظر ندارین یه بخش آموزشگاه تو سایت راه بندارین بتونیم آموزشهامون رو بفروشیم ؟,سلام دوست عزیز ایده ی بدی نیست باید با بچه های تیم مطرح کنیم و اگه بتونیم استراتژی خوبی ازش دربیاریم که توی وب سایت بشیه، پیاده سازیش خواهیم کرد
سلام سوالتون رو اینجا مطرح کنید اگر به جواب نرسیدن تو سایت مطرح کنید,ممنونم برای فرهنگ سازی لام تا کام
میدونین مشکل از چیه؟,رو پاک کن
مطمعنی سالمه و اینکه درست اد کردی؟,رو از سایت خود اندروید دانلود کردم
رو از سایت خود اندروید دانلود کردم,مسیرش رو بررسی کن، مسیرت مشکل داره
مسیرش رو بررسی کن، مسیرت مشکل داره,مسیر هم درسته ادرس خود هست
مسیر هم درسته ادرس خود هست,نمیدونم، من بارها نصب کردم مشکل نخورد
نمیدونم، من بارها نصب کردم مشکل نخورد,منم چند باری نصب کردم اینجوری نشده بود
خب دایرکتوری ساخته نمیشه دیگه,میدونم
خب دایرکتوری ساخته نمیشه دیگه,خب چرا ایجاد نمیشه؟
خب چرا ایجاد نمیشه؟,می خوای دسترسیش رو هم بهش بده، اینطوری
خدایی من سی ،سی پلاس پلاس،سی شارپ،ای اس پی،جاوا اسکریپت،اسمبلی و ی تعداد زبان برنامه نویسی کار کردم و مسلطم ولی هیچ کدوم ب اندازه جذاب و دوس داشتنی نبوده,خوش به حالتون که همه اینا رو بلدید
درست شد حالا میگه نداری هرچی هم توی گوگل میزنم دان کنم میزنه میاره واسم,همون اول اندروید استدیو نصب کنی خودش هر چی نیاز داشته باشه میگیره از خودش دانلود کنی همه چیزو راحت تره
همون اول اندروید استدیو نصب کنی خودش هر چی نیاز داشته باشه میگیره از خودش دانلود کنی همه چیزو راحت تره,چیزی نگرفت ازم
چیزی نگرفت ازم,وی پی ان فعاله؟
وی پی ان فعاله؟,اره
اره,ببین وی پی ان فعال باشه دانلود میکنه بدون مشکل
ببین وی پی ان فعال باشه دانلود میکنه بدون مشکل,فعاله اگه نباشه های دیگرو نمیاره برام برای دان کردن
اخه اون موقع اصلا اس دیکا از اندروید انتخاب نمیشد بالا میومدا ولی کلیک نمیشد رو هیچکدوم,یه مشکلی داشت حتما یا با یا چیزای دیگه
ینی من الان اینجا ندارم اصلا نمیخواد دان کنم؟ بزارم همینجوری باشه؟,اره مگه اروری داره؟
اره مگه اروری داره؟,ن ارور نداره ولی گفتم شاید لازم باشه
ن ارور نداره ولی گفتم شاید لازم باشه,نه تا وقتی اروری نداده لازم نیست
از دارم استفاده میکنم ولی کلاس برنامه نویسی ک دارم میرم استادمون میگه یاد بگیر بخاطر امنیتش,ولی ی خورده ریخت و قیافشو دیدم میترسم برم طرفش
از دارم استفاده میکنم ولی کلاس برنامه نویسی ک دارم میرم استادمون میگه یاد بگیر بخاطر امنیتش,اره پایتون فریم ورک امنیت خوبی داره ولی رو هم اگه درست کانفیگ کنی اوکیه امنیتش
اره پایتون فریم ورک امنیت خوبی داره ولی رو هم اگه درست کانفیگ کنی اوکیه امنیتش,خب مشکل من اینه درست کانفیگ کردنشو اینارو نمیدونم چی ب چیه در حل سلکت زدن و ساخت دیتا بیس و همین چیزای کار راه انداز متونم انجام بدم فقط نمیدونم لازمه بیشتر از اینا ازش یاد بگیرم یا ن
امنیت بستگی به زبان برنامه نویسی نداره اگه برنامه نویس وارد باشه امنیت هر چیزی رو میتونه برقرار کنه,خب اره حرفه ای باشی قطعا میتونی ولی نمیخوام انقدر حرفه ای بشم چون دارم همزمان جاوا رو یاد میگیرم میخوام ببینم تفاوت هاشون چیاس چرا ی سری میرن ی سری
خب اره حرفه ای باشی قطعا میتونی ولی نمیخوام انقدر حرفه ای بشم چون دارم همزمان جاوا رو یاد میگیرم میخوام ببینم تفاوت هاشون چیاس چرا ی سری میرن ی سری,هر فریم ورک یا زبان برنامه نویسی معایب و خوبی های خودشون رو دارن
خب اره حرفه ای باشی قطعا میتونی ولی نمیخوام انقدر حرفه ای بشم چون دارم همزمان جاوا رو یاد میگیرم میخوام ببینم تفاوت هاشون چیاس چرا ی سری میرن ی سری,درسته
لاراول هم خوبه برای,خوبه یعنی عالیه
خوبه یعنی عالیه,چیه
چیه,سرچ کن بهتر از من جواب میده
راحته ولی باید کلیت پی اچ پس رو بلد باشی,اهوم مرسی کداش بلدم الان دارم پروژه محور کار می کنم سخت از رو یه اموزش خوب
اهوم مرسی کداش بلدم الان دارم پروژه محور کار می کنم سخت از رو یه اموزش خوب,موفق باشی
اخه کد ها درسته تا قبل اینک اندروید استودیو پاک بشه اجرا میگرفتم درست بود همه چی,دست ب چیزیش هم نزدم
مرسی,خواهش میکنم
دوستان نظرتون رو لطف میکنید در رابطه با این نشانه مربوط به شرکت رزرو بلیط,خوبه ساده و کارا
سلام توی اندروید چجوری میتونم یه لیست مثه همین درست کنم که اگه توی ادیت تکست یه حرفی نوشته بشه یه لیست اول ایجاد میشه و از دیتابیس میخونه و لیست رو اپدیت میکنه,سرچ کن
سرچ کن,زیاد دیدم ولی همشون یه لیست ثابت دارن که تو جستجو همونو اپدیت میکنه ، من میخوام اگه یه حرفی زد اول لیست ایجاد بشه بعد اپدیت کنه
ریسایکل رو تغییر نده ترتیب لیستی که میدی رو تغییر بده,خب خود ریسایکل قابلیتی نداره مثلا بر اساس آیدی نمایش بده لیستو ؟
دوستان کدوم از این سایتای ک امکان اینجاد وبلاگ میدن میشه تو وبلاگ اتصال دامنه انجام داد؟,داداش همشون میدن
سلام من یه قالب دارم مشتری دمو میخواد چطوری این کار رو انجام بدم,بهتر کلا دمو ندی اگه صرفا فایل و هست
البته من درصد نمیخواهم,کنکورتو بخون
نه به خدا,بیا پیوی
سلام,سلام
کسی میتونه بگه چطوری به یک عکس هاور بدم که عکس را ارام ارام بزرگ کنه مثلا عارضش پنجاه پیکسل هست ارام ارام کنه ۱۰۰۰پیکسل,یه بنویس که اگه بود بیاد عرضشو زیاد کنه
یه بنویس که اگه بود بیاد عرضشو زیاد کنه,فکر نکنم کاری داشته باشه
کسی میتونه بگه چطوری به یک عکس هاور بدم که عکس را ارام ارام بزرگ کنه مثلا عارضش پنجاه پیکسل هست ارام ارام کنه ۱۰۰۰پیکسل,از در جی کوئری استفاده کن
با سلام کسی در مورد تیم اسپیک میدونه کمکم کنه؟,چه کمکی؟ و اینکه چرا از تیم اسپیک استفاده می کنی؟ من شخصا از دیسکورد استفاده می کنم و عالیه
من روی گوشی نصب کردم وصل نمیشه نمیدونم چرا,شاید مشکل کانکشن داری، از پروکسی استفاده می کنی؟
شاید مشکل کانکشن داری، از پروکسی استفاده می کنی؟,نه
توضیح خیلی خاصی نداره خب یه نرم افزاره که نصب می کنی روی ویندوز یا هر سیستم عامل دیگه ای که داری ، بعد اون آدمایی که می خوای به صورت گروهی صحبت کنی باهم به یک گروه اضافه میشید و شروع می کنید به صحبت کردن,اینم مثل همینه که
شاید مشکل کانکشن داری، از پروکسی استفاده می کنی؟,اصلا چجوری بایز کانکت شه
اصلا چجوری بایز کانکت شه,اگه گوشیت به اینترنت متصل باشه خودش کانکت هست، کافیه یه اکانت بسازی و وارد نرم افزار بشی
خب به وضوح داره می گه این ورژنی که داری استفاده می کنی منسوخ شده,عجب ولی من یه تیم اسپیک دیگه که نصب کردم این مشخصات رو میخواد
دوستان تلگرام شما هم بدون فیلتر باز می کنه؟,خیر
دوستان تلگرام شما هم بدون فیلتر باز می کنه؟,سلام تلگرام من روی گوشی باز میکنه ولی توی سیستم نه خخخ
تلگرام من بدون فلترشکن و پروکسی وصله رو گوشی,تونلی یهو
تونلی یهو,نمیدونم والا
خب یهو کارشون بزرگه صرف نمیکنه از شرکت های واسطه خرید کنن,داداش من فعلا میخوام یک ماهه تست کنم در ضمن اگر بخوام مستقیم از آمریکا میخرم نیازی ندارم به هاستیگ هایی که بچه های راه میندازن
داداش من فعلا میخوام یک ماهه تست کنم در ضمن اگر بخوام مستقیم از آمریکا میخرم نیازی ندارم به هاستیگ هایی که بچه های راه میندازن,اوکی
ست کن,کردم
کردم,برای ارتباط با دیتابیس چه روشی میزنی؟
این کد,مای اس کیو ال ای همون متغییر کانکشنت هست
شاید درست بشه,مرسی شد
مرسی شد,موفق باشی
سلام دوستان,سلام
معنی این چی میشه,کجا دیدی؟ خودش به تنهایی اصطلاح خاصی نیست
کجا دیدی؟ خودش به تنهایی اصطلاح خاصی نیست,ترجمه افزونه وردپرس
معنی این چی میشه,من یک سری سرچ زدم، یک اصطلاح درست و دقیق نیست، فکر می کنم از اون جملاتیه که مارکتینگ یه شرکت ساخته واسه خودش حدسی هم که میزنم، یه معنی می ده که ما توسعه دهنده ها بهش میگیم یعنی کسی که خوب می دونه چطور با کامپیوتر کار کنه
اها ممنون,خواهش میکنم
صعلام,سلام
سلام,خوبی
خوبی,ممنون تو خوبی
چی شدت,هعی بدبختی
هعی بدبختی,هیچکس بدبخت نیس
هیچکس بدبخت نیس,من هستم
یس یس تو چقدر ترسناکی,نظرع لطفتع
من هستم,مثلا تو چیت از بقیه کمتره
هیچکس بدبخت نیس,همین بدیختی نیس
نظرع لطفتع,نظری ندارم اما لطفم زیاده
انابل تویی اون اداتو در میاره,من از اونم بدترم
همین بدیختی نیس,کدوم همین که تو تل
من از اونم بدترم,نگو میترسم
مثلا تو چیت از بقیه کمتره,خب دیگه
نظری ندارم اما لطفم زیاده,خو منم گفتم نظرع لطفت يني تو نظري نداري
خب دیگه,باشه دیگه
نگو میترسم,شبا خواب ميبيني؟
گپ فلسفه اس,بله خوش آمدی
قیافت عوض شدش,اوهوم
گپ فلسفه اس,شما استاد بیا وسط
اون مشکل از خودته چرا افتادی گوشه خونه,وقتی تعداد زیادی اینجور باشن پس مشکل از تو نی
اوهوم,دیگه ترسناک نیستی
شبا خواب ميبيني؟,بشین دیگه حوصلمو سر بردی
سلام به دوستان عزیز و مدیر محترم,سلام
گپ فلسفه اس,تو چی دوس داری
وقتی تعداد زیادی اینجور باشن پس مشکل از تو نی,راحت باشید اما برا گوشه نشینیتون فکری کنید
سلام,درود بر شما دوست عزیز
درود بر شما دوست عزیز,سپاس
شما استاد بیا وسط,قرش بدم
قرش بدم,بده ما هم دست میزنیم
همچنین عزیزم,سکوتی پر از حرف های ناگفته
تو چی دوس داری,من تورو دوس دارم
بده ما هم دست میزنیم,عربی یا ایرانی
عربی یا ایرانی,ایرانی قشنگ تره
من تورو دوس دارم,ای جان
ای جان,تا تنور داغه بچسبون
ایرانی قشنگ تره,ترکی یا شمالی یا هیپ هاپ
تا تنور داغه بچسبون,دارم هیزمشو بیشتر میکنم
ترکی یا شمالی یا هیپ هاپ,میخوای برقصی شروع کن
سگ گله کو پ,موش خوردش
کسی چت نمیکنه در پناه خدا همیشه سلامت باشید مدیر محترم ببخش خدانگهدارت,خدانگهدارت
موش خوردش,خودتو نخوره
ای جان,تازه عکسمو ببینی عاشقم میشی
خودتو نخوره,نع
تازه عکسمو ببینی عاشقم میشی,توعم منو ببینی ولم نمیکنی
میخوای برقصی شروع کن,خب باید بگی چجوری
تازه عکسمو ببینی عاشقم میشی,گروه نزاری بروبچ دعواشون میشه
خب باید بگی چجوری,شمالی برو
کسی چت نمیکنه در پناه خدا همیشه سلامت باشید مدیر محترم ببخش خدانگهدارت,عمت چت نمیکنه نمیبینی منو هویج بخور
توعم منو ببینی ولم نمیکنی,احسنت
ترشیدا دستا بالا,پسرا هم ترشیده میشن؟
پسرا هم ترشیده میشن؟,منظورم جنس موئنث بود
پسرا هم ترشیده میشن؟,شمارو گفت فکنم
پسرا هم ترشیده میشن؟,پسرا هر چی سن بره بالاتر پخته تر و خواستنی تر میشن
توعم منو ببینی ولم نمیکنی,چه زیبا بفرستم عکسمو واست
گروه نزاری بروبچ دعواشون میشه,گپ میزارم
از نظر من آره,حسینی
منظورم جنس موئنث بود,پس پسرا چی
چه زیبا بفرستم عکسمو واست,برو اونور بفرس اینجا عیبه
حسینی,تارخ
پس پسرا چی,اسمتو عین ما میکنی
تارخ,اسمتو ست کن
اسمتو عین ما میکنی,ادمینم میکنی
اسمتو ست کن,ضایه س باو
ادمینم میکنی,بزار
ضایه س باو,بزار
بزار,معنیش چیه؟
بزار,چ فایده وقتی ادمین نباشم
معنیش چیه؟,بزار میگم بهت
برو اونور بفرس اینجا عیبه,نه همین جا که همه ببیینن اگه روز ولم کردی من از زیبایی کم نداشتم
چ فایده وقتی ادمین نباشم,همه می زاریم باو
نه همین جا که همه ببیینن اگه روز ولم کردی من از زیبایی کم نداشتم,نه اینجا نزار غیرت من اجازه نمیده
نه اینجا نزار غیرت من اجازه نمیده,یه نظر حلاله
منم بازی,اسمتو
نه اینجا نزار غیرت من اجازه نمیده,ماهم ست کنیم دوس دارم
اسمتو,هاع
یه نظر حلاله,من اینجا نمیفرستم اخع میترسم ولم نکنن
هاع,اسمتو ست کن باما
سلام,خوبی
اسمتو ست کن باما,خو اینجوری کشنگتره
من اینجا نمیفرستم اخع میترسم ولم نکنن,خب تو نفرست
ماهم ست کنیم دوس دارم,بزار مغز مریض
خوبی,مرسی ت خوبی
مرسی ت خوبی,فدات کجایی
خب تو نفرست,خب تو بفرست
فدات کجایی,خونمون
خونمون,چخبر
چخبر,هیچ ت چه خبر
هیچ ت چه خبر,فدات درس فقط
فدات درس فقط,خوبه موفق
تو بزار هارلی من میزارم جوکر,میگم ست باشه مثل هم زیبای خفته خوبه به نظرم
خو هر وق اومدم دائم بمونم درسش میکنم,بزار
سیندرلا تویی اون اداتو در میاره,میدونستم عاشقم میشی
وخی عامو,بزارررررررر
حامد پهلاااااانه,ژون
بزارررررررر,ادمینننن
ژون,درآد
درآد,درآد فرار میکنین
میگم ست باشه مثل هم زیبای خفته خوبه به نظرم,عاشقان ماه خوب نی
درآد,بزاررر
درآد فرار میکنین,جونتو گفتم
تارخ,جان
جونتو گفتم,منم همونو گفتم
منم همونو گفتم,ناجور گفتیا
عاشقان ماه خوب نی,بیا این بازیع کثیفو تموم کنیم نظرت چیه
میدونستم عاشقم میشی,زبون دراز
ناجور گفتیا,از روح نمیترسی مگه
از روح نمیترسی مگه,نه
نه,ژون دیگه از چی نمیترسی
بیا این بازیع کثیفو تموم کنیم نظرت چیه,ادای سلطان رو در میاری
بزارررر,بااااااش خو
بهههه چه عجب,خوبی گلابی
ادای سلطان رو در میاری,سلیمان
سلیمان,تو سریال ایرانی بودا اسمش سلطان بود
زبون دراز,زبون منو از کجا دیدی تو جلب
حوصلم,ریدع
تو سریال ایرانی بودا اسمش سلطان بود,توام بزار
تو سریال ایرانی بودا اسمش سلطان بود,من فقط ماهواره واسع خونمون باید بخری
ژون دیگه از چی نمیترسی,از لولو
از لولو,چه دلیر
تووووف,تو دلت
تو دلت,تو کلیت
نمنه,بزار
تو کلیت,تو میزراهت
کامران صدام زدی ؟,گفتم بیای چالش
گفتم بیای چالش,من خیلی تمرکز ندارم
شب بای,بیا تو چالش
بیا تو چالش,بلد نیستم حوصله هم ندارم
شبیه جنازه ی قورباغه است,خخ
چشما فقد هست,صدرا چخبر
چیه این مسخره بازیا,بگیم بیا پی وی خوبه؟
بگیم بیا پی وی خوبه؟,چه ربطی داره
چته ؟,به مامانم گفتم اذیتم میکنی
چه ربطی داره,پس بذار سرگرم باشیم
پس بذار سرگرم باشیم,باش بااین چرندیات
به مامانم گفتم اذیتم میکنی,سلامم برسون پ
تف ب نت,نت ب تف
باش بااین چرندیات,میشه بیای پی وی حرفای چرت بزنیم؟
با این چراغ قرمز میدون توحید,اونجییین
اونجییین,صدرا بیا پنت هاوس بخرم برات تو سه راهی سلفچگون
هرجا میری پی وی پی وی,باشه تو مارو از تاریکی رهانیدی
کسکش ها چی بی خایه ان,اخطار
صدرا بیا پنت هاوس بخرم برات تو سه راهی سلفچگون,نه من خونه آقا تقی ام
های,سلام
سلام,خبی
خبی,شکر
شکر,اصل
اصل,مهسا۲۳
مهسا۲۳,از کجا
از کجا,اهواز
اهواز,خوش
خوش,همچنین
از لپ بود بابا,کوفت
نه من خونه آقا تقی ام,یادش بخیر اینه عبرت
کوفت,تو دل دشمنامون
یادش بخیر اینه عبرت,عاره آ تقی
بریم ؟,کجا؟
کجا؟,سر خونه زندگیمون
نفرس,چرا؟
چرا؟,نفرس خووو
عاره آ تقی,صدرا دلم میخواد روی پل صدر باهات قرار بزارم اخرش زیر پل شهید صناعی ببینمت
اسم فیلم این چیه؟,نمیدونم
خیلی بی اخساسی نفرس,احساسو خیلی وخته کشتم
بریم یکم پایین تر ، پاتوق دره فرحزاد با دوستان اهل دل,بریم باغچه خومونیا
نمیدونم,ممنون
احساسو خیلی وخته کشتم,خب نفرس یه جوری میشم
خب نفرس یه جوری میشم,اصل بده
میشه بیای پی وی حرفای چرت بزنیم؟,ن
چطوری,سلام همشهری
اصل بده,صدرا
سلام همشهری,سلام
خوبی,مرسی
خبی ؟خشی؟,نععععع
صدرا,اونو ک چش خودمم میبینه
نععععع,عه چرانبینم ناراحتی
عه چرانبینم ناراحتی,میگذره
اونو ک چش خودمم میبینه,آها صدرا شیراز
آها صدرا شیراز,صدرا تهران
میگذره,درک میکنم
درک میکنم,مرسی
صدرا تهران,خیلی کلکی
مرسی,برسی
چه خبر,سلامتی
سلامتی,اب و هوا چطوره
اب و هوا چطوره,عالی
اروم باش,هی ازین عکسا ترسناک میفرسته
عالی,به به
هی ازین عکسا ترسناک میفرسته,بیا سیرجان تا دیگع عکس ترسناک نفرسم
بیا سیرجان تا دیگع عکس ترسناک نفرسم,سیرجان واس چی
سیرجان واس چی,تا شجاع شی
تا شجاع شی,مگه کرمونی
چخبر,سلامتی
مگه کرمونی,ن میگم امیر شجاعت کنه
ت نمیترسی,نه دختر شجام
سلامتی,اصل بده
ن میگم امیر شجاعت کنه,برا چی تریاک میکشی لابد
اصل بده,مهسا۲۳
برا چی تریاک میکشی لابد,چ ربطی داش
چ ربطی داش,خب تریاکیا شجاعن
کسی هس فحش بدم چیزی نگه,به دیوار بگو
خب تریاکیا شجاعن,خداییش چنسالته
خیر دانشجو هم خدا قبول کنه چندماه دیگه میشم مهندس مملکت,بسلامت بیا بشو مهندس خودمونا
به دیوار بگو,حال نمیده
خداییش چنسالته,من تازه دارم میرم نونوایی
حال نمیده,وایسا رو بالکن به اولین حیوونی که از جلوت رد شد بده
نفرس دیگه ترسناک نیستن چندشن,چندش نیسن
وایسا رو بالکن به اولین حیوونی که از جلوت رد شد بده,میترسم فحشم بخوره به همسایه
چندش نیسن,نفرست
نفرس دیگه ترسناک نیستن چندشن,ها راست میگیا
نفرست,نمیتونم
میترسم فحشم بخوره به همسایه,میخوای تک تیرانداز سفارشی امریکایی برات بیارم کاکو
بای فعلا خودتو درس کن,کجا
ها راست میگیا,یس
کجا,مغازه
میخوای تک تیرانداز سفارشی امریکایی برات بیارم کاکو,نچ با شات گان میزنم
مغازه,سر راه واس من پاستیل بخر
یس,یه نصیحتی هم بع این دختر شیطون کن نفرسته ازینا
سر راه واس من پاستیل بخر,تک بزن
تک بزن,یادت نرههههه
تک بزن,چشم
یادت نرههههه,یادم بنداز
های,های
های,خبی
یادم بنداز,مسجد میری حتما
سلام,سلام
سلام,سلام
ع این,نگفتی خبی
نگفتی خبی,خوبم
منتظرم,مرسی که هستی
خوبم,چه خبر
چه خبر,هیچ
نشی جانم,یه سوال
دیوونه تر تو ندیدم,واقعا بالاخره تو ی چیزی برترین بودم
واقعا بالاخره تو ی چیزی برترین بودم,نکن اینکارو نکن
نمیخوری,لامصب بدجور کمر سفت کنه
بیا بهم فحش بدیم خالی شیم,من ینفرو تو ذهنم تصور میکنم تا دلت میخواد بش فوش بده
تو معلومه زیاد خوردی,ن ب انداره تو
ن ب انداره تو,من تازه خالی کردم
من تازه خالی کردم,بخور واسه بعدی
برا سیب زمنی بپزی باید چیکا کنی نسوزه,اشپزی؟
بخور واسه بعدی,شیرموز بهتره
اشپزی؟,نه گذاشتم داخل آتیش بپزه
شیرموز بهتره,هیس
حوصلم ان شده,اسهال
حوصلم ان شده,بیا افش کنم
اسهال,هوم
باورت میشه از اهنگ خسته شدم,پاشو برقص ایقده حال میده که نگو
پاشو برقص ایقده حال میده که نگو,جلو خونواده
یه سوال,بفرما
جلو خونواده,خب عاره مگه بده
خب عاره مگه بده,یکم
بفرما,برا سیب زمنی بپزه باید چکا کنم
یکم,یکم هم خوبه
سلام,تو مومنی
اسلام ؟,کیه ؟
خب چکا کنم,نمیدونم والا
خب چکا کنم,سوالتو واضح بپرس ک جواب بدم
سلام,مهسا خانم
مهسا خانم,بله
من برم بچه ها,شمعدونیا چی
اسیر شدیم این وقت شب,ایموجیشم پسرونس
خراب نمیشه,خاستم نیگاش کنم دستم سوخت
خاستم نیگاش کنم دستم سوخت,نیگا نداره ک
نیگا نداره ک,میخام نسوزه
میخام نسوزه,میگم چاقو بزن ببین سفته یا ن
میگم چاقو بزن ببین سفته یا ن,ا راست میگیا
خب بیشعورایی ک من میشناسم نیستن,اره دقیقا منم میرم
امروز پنجشنبه اس,نه فردا مدرسه ها تعطیله
جونم,چو کنیم
حتما بايد دختر باشيم جواب سلام بدين,خاحالاسلام
خاحالاسلام,نميخوام ديگه
نميخوام ديگه,قهرنکنا
قهرنکنا,دعوا داريا
حالا گريه نكن,باچ
باچ,اقا خدايي از لوس حرف زدن خوشم نمياد
اقا خدايي از لوس حرف زدن خوشم نمياد,خب ریپ نزن پ
خب ریپ نزن پ,باز بي اعصاب شب
باز بي اعصاب شب,والا
سلام,سلام عزیزم
خوبم,الحمدلله
هعی لوله گاز,چرا لوله
سلام کسی هست بتونم مشکل زندگیمو بهش بگم,قاضی
قاضی,قصد مخ زدن ندارم واقعا اگه میشه لطفا کمکم کن
سلام کسی هست بتونم مشکل زندگیمو بهش بگم,یا حضرت قاشقچی
قصد مخ زدن ندارم واقعا اگه میشه لطفا کمکم کن,من خودم کوله بار مشکلاتم
من خودم کوله بار مشکلاتم,بیا به رسول بگو
هدیه,بفرما؟
بفرما؟,پی
بیا به رسول بگو,لزومی نداره نیومدم گپ که از مشکلاتم بگم
پی,ن
ن,چرا بیا چت کنیم
اااا نرجس,نرگس
لزومی نداره نیومدم گپ که از مشکلاتم بگم,میگم نه والا با نونش
چرا بیا چت کنیم,نه
نرگس,چخبرا نرگس
نه,نیا
نیا,نمیام دیگه
یکی اینجوری بود مرد,دورازجون
چخبرا نرگس,هیچ
دورازجون,کاملا نزدیک از جون
هیچ,نه بگو سلامتیییییییییییی
عععع چقدر من و تو شبیه همیم,دوتاتونم ی نفرید
گوگوش و رها اعتمادی ازدواج کردن,مگه گوش دختره
دوتاتونم ی نفرید,عه
رفیقمون اهل دله فهمید,خدا نکشتت
خودتی,اره
اره,خشتک عمت پاره
وای خدای من,چه همه برف
وای خدای من,تبریز برف اومد ولی کم
تبریز برف اومد ولی کم,شما از تبریزی ؟
خشتک عمت پاره,باز زر زدی هادی
شما از تبریزی ؟,اوهوم با افتخار
باز زر زدی هادی,باز ؟؟ مگه قبلن با من حرف زدی
باز ؟؟ مگه قبلن با من حرف زدی,نرگسم
نرگسم,کدوم نرگس؟؟
کدوم نرگس؟؟,قدیمی
قدیمی,یادم نمیای
یادم نمیای,خوبین
سلام خوببن,سلام کردمااااااااا
یادم نمیای,خاک
خوبین,شما خوبی؟
شما خوبی؟,بخوبیتون
خاک,اصل بده یادم بیاد
بخوبیتون,مرسی
اصل بده یادم بیاد,نمیخواد
مرسی,اصل
اصل,اول شما
اول شما,۱۸قم
۱۸قم,اسم نداری شما
اسم نداری شما,امیر
امیر,خوشبختم تبریز هادی
خوشبختم تبریز هادی,تورکن
جاته,باشه
حتمن عشقت,دوستمه
باشه,داداتورکی
داداتورکی,یس
یس,اره
یس,ساقول
باشه,ادم شدی
یس,تورک لرگروهونا گلیرن
ادم شدی,بی حوصله شدم
تورک لرگروهونا گلیرن,پ وی بگو
بی حوصله شدم,شت
سلام خوبی شما؟,خوبم خوبی
شت,جدی بجا نمیارم نمیمیری ک راهنمایی کنی
پ وی بگو,ریپورتم یه س بده پیویم اونجا بگم
جدی بجا نمیارم نمیمیری ک راهنمایی کنی,دوست سپی
پ وی بگو,شما بیاین من ریپورتم
شما بیاین من ریپورتم,صب کن دیگه عه
جدی بجا نمیارم نمیمیری ک راهنمایی کنی,توام بروکن زدیا
دوست سپی,خدا هرچی آدم گیجه رو از زمین برداره
صب کن دیگه عه,باش
توام بروکن زدیا,افتخار کن لنتی
افتخار کن لنتی,ابداع خودم بود لعنتی
افتخار کن لنتی,سلام آقا هادی خوبی
ابداع خودم بود لعنتی,خب من ازش استفادع کردم افتخار کن
جووووون,عشقم چطوره
سلام آقا هادی خوبی,سلام زهرا خانوم جون شما خوبی منم خوبم
خب من ازش استفادع کردم افتخار کن,چجوری افتخار کنم
عشقم چطوره,فداتم خوشگله من
فداتم خوشگله من,نشی ک نفسمی
سلام زهرا خانوم جون شما خوبی منم خوبم,زهرا خانوم جون؟؟
بچ ها چ آموزشی نیاز دارین بگین بزارم سایت,استیمول سافت
سلام دوستان برای سایت خبری کدوم قالب وردپرسی سئوی بهینه ای داره؟,جنه
اهان باشه ممنون بخاطر راهنمایی و توضیحات,خواهش میکنم
کسی میدونه این خطا برای چیه؟,خروجی رو مستقیم به گوشی وصل کردین؟
خروجی رو مستقیم به گوشی وصل کردین؟,نه
روی چی اجرا میکنی توی خوده یوینتی؟,چی رو؟
ایکون برنامه رو عوض کن,مشکل از آیکن نیست
رو باز کن شاید تو اون قسمت باشه,اون رو باز کنم عکس بفرستم ازش؟
امتحان کردین؟,آیکن رو ؟
اره,آره
خطایی که تو عکسی که دادی میگه یه مشکلش میتونه از یو اس بی دیباگ باشه که باید فعال بشه یکی دیگه هم باید ایکون کوچکتری برای برنامه ات انتخاب کنی فکر کنم در مورد اینا حرف میزنه,یو اس بی دیباگ چیه؟
یو اس بی دیباگ چیه؟,چیزی که من میدونم در گوشی یا توی شبیه سازها میتونی یو اس بی دیباگ رو فعال کنی
من اصلا هیچ یو اس بی به سیستم نزدم,بله بالا گفتین
خب چیکار کنم؟,من قبلا همین مشکل رو داشتم ایکن کوچک تری انتخاب میکردم حل میشد حالا تو همین خطا رو تو گوگل سرچ کنی سریع تر به جواب میرسی
